target_bundle,scope_type,scope,method,records,scored_tokens,correct_tokens,token_accuracy,exact_records,exact_record_rate,tie_positions,projected_correct_tokens,a1_correct_tokens,token_delta,projected_accuracy,a1_accuracy,gain_tokens,regression_tokens,both_correct_tokens,both_wrong_tokens,equal_tokens
primary,overall,overall,raw_boundary.cosine,24,1482,498,0.3360323886639676,0,0.0,0,,,,,,,,,,
primary,length,16,raw_boundary.cosine,6,96,31,0.3229166666666667,0,0.0,0,,,,,,,,,,
primary,length,39,raw_boundary.cosine,6,234,78,0.3333333333333333,0,0.0,0,,,,,,,,,,
primary,length,64,raw_boundary.cosine,6,384,115,0.2994791666666667,0,0.0,0,,,,,,,,,,
primary,length,128,raw_boundary.cosine,6,768,274,0.3567708333333333,0,0.0,0,,,,,,,,,,
primary,position_bin,1-16,raw_boundary.cosine,24,384,120,0.3125,,,0,,,,,,,,,,
primary,position_bin,17-32,raw_boundary.cosine,24,288,97,0.3368055555555556,,,0,,,,,,,,,,
primary,position_bin,33-64,raw_boundary.cosine,24,426,147,0.34507042253521125,,,0,,,,,,,,,,
primary,position_bin,65-96,raw_boundary.cosine,24,192,58,0.3020833333333333,,,0,,,,,,,,,,
primary,position_bin,97-128,raw_boundary.cosine,24,192,76,0.3958333333333333,,,0,,,,,,,,,,
primary,position,1,raw_boundary.cosine,24,24,24,1.0,,,0,,,,,,,,,,
primary,position,2,raw_boundary.cosine,24,24,0,0.0,,,0,,,,,,,,,,
primary,position,3,raw_boundary.cosine,24,24,6,0.25,,,0,,,,,,,,,,
primary,position,4,raw_boundary.cosine,24,24,9,0.375,,,0,,,,,,,,,,
primary,position,5,raw_boundary.cosine,24,24,5,0.20833333333333334,,,0,,,,,,,,,,
primary,position,6,raw_boundary.cosine,24,24,4,0.16666666666666666,,,0,,,,,,,,,,
primary,position,7,raw_boundary.cosine,24,24,5,0.20833333333333334,,,0,,,,,,,,,,
primary,position,8,raw_boundary.cosine,24,24,4,0.16666666666666666,,,0,,,,,,,,,,
primary,position,9,raw_boundary.cosine,24,24,7,0.2916666666666667,,,0,,,,,,,,,,
primary,position,10,raw_boundary.cosine,24,24,8,0.3333333333333333,,,0,,,,,,,,,,
primary,position,11,raw_boundary.cosine,24,24,6,0.25,,,0,,,,,,,,,,
primary,position,12,raw_boundary.cosine,24,24,5,0.20833333333333334,,,0,,,,,,,,,,
primary,position,13,raw_boundary.cosine,24,24,10,0.4166666666666667,,,0,,,,,,,,,,
primary,position,14,raw_boundary.cosine,24,24,6,0.25,,,0,,,,,,,,,,
primary,position,15,raw_boundary.cosine,24,24,10,0.4166666666666667,,,0,,,,,,,,,,
primary,position,16,raw_boundary.cosine,24,24,11,0.4583333333333333,,,0,,,,,,,,,,
primary,position,17,raw_boundary.cosine,24,18,6,0.3333333333333333,,,0,,,,,,,,,,
primary,position,18,raw_boundary.cosine,24,18,4,0.2222222222222222,,,0,,,,,,,,,,
primary,position,19,raw_boundary.cosine,24,18,6,0.3333333333333333,,,0,,,,,,,,,,
primary,position,20,raw_boundary.cosine,24,18,6,0.3333333333333333,,,0,,,,,,,,,,
primary,position,21,raw_boundary.cosine,24,18,8,0.4444444444444444,,,0,,,,,,,,,,
primary,position,22,raw_boundary.cosine,24,18,3,0.16666666666666666,,,0,,,,,,,,,,
primary,position,23,raw_boundary.cosine,24,18,9,0.5,,,0,,,,,,,,,,
primary,position,24,raw_boundary.cosine,24,18,6,0.3333333333333333,,,0,,,,,,,,,,
primary,position,25,raw_boundary.cosine,24,18,8,0.4444444444444444,,,0,,,,,,,,,,
primary,position,26,raw_boundary.cosine,24,18,4,0.2222222222222222,,,0,,,,,,,,,,
primary,position,27,raw_boundary.cosine,24,18,6,0.3333333333333333,,,0,,,,,,,,,,
primary,position,28,raw_boundary.cosine,24,18,5,0.2777777777777778,,,0,,,,,,,,,,
primary,position,29,raw_boundary.cosine,24,18,11,0.6111111111111112,,,0,,,,,,,,,,
primary,position,30,raw_boundary.cosine,24,18,6,0.3333333333333333,,,0,,,,,,,,,,
primary,position,31,raw_boundary.cosine,24,18,6,0.3333333333333333,,,0,,,,,,,,,,
primary,position,32,raw_boundary.cosine,24,18,3,0.16666666666666666,,,0,,,,,,,,,,
primary,position,33,raw_boundary.cosine,24,18,8,0.4444444444444444,,,0,,,,,,,,,,
primary,position,34,raw_boundary.cosine,24,18,8,0.4444444444444444,,,0,,,,,,,,,,
primary,position,35,raw_boundary.cosine,24,18,5,0.2777777777777778,,,0,,,,,,,,,,
primary,position,36,raw_boundary.cosine,24,18,5,0.2777777777777778,,,0,,,,,,,,,,
primary,position,37,raw_boundary.cosine,24,18,4,0.2222222222222222,,,0,,,,,,,,,,
primary,position,38,raw_boundary.cosine,24,18,7,0.3888888888888889,,,0,,,,,,,,,,
primary,position,39,raw_boundary.cosine,24,18,5,0.2777777777777778,,,0,,,,,,,,,,
primary,position,40,raw_boundary.cosine,24,12,3,0.25,,,0,,,,,,,,,,
primary,position,41,raw_boundary.cosine,24,12,5,0.4166666666666667,,,0,,,,,,,,,,
primary,position,42,raw_boundary.cosine,24,12,4,0.3333333333333333,,,0,,,,,,,,,,
primary,position,43,raw_boundary.cosine,24,12,3,0.25,,,0,,,,,,,,,,
primary,position,44,raw_boundary.cosine,24,12,4,0.3333333333333333,,,0,,,,,,,,,,
primary,position,45,raw_boundary.cosine,24,12,5,0.4166666666666667,,,0,,,,,,,,,,
primary,position,46,raw_boundary.cosine,24,12,4,0.3333333333333333,,,0,,,,,,,,,,
primary,position,47,raw_boundary.cosine,24,12,5,0.4166666666666667,,,0,,,,,,,,,,
primary,position,48,raw_boundary.cosine,24,12,5,0.4166666666666667,,,0,,,,,,,,,,
primary,position,49,raw_boundary.cosine,24,12,5,0.4166666666666667,,,0,,,,,,,,,,
primary,position,50,raw_boundary.cosine,24,12,2,0.16666666666666666,,,0,,,,,,,,,,
primary,position,51,raw_boundary.cosine,24,12,6,0.5,,,0,,,,,,,,,,
primary,position,52,raw_boundary.cosine,24,12,7,0.5833333333333334,,,0,,,,,,,,,,
primary,position,53,raw_boundary.cosine,24,12,4,0.3333333333333333,,,0,,,,,,,,,,
primary,position,54,raw_boundary.cosine,24,12,4,0.3333333333333333,,,0,,,,,,,,,,
primary,position,55,raw_boundary.cosine,24,12,5,0.4166666666666667,,,0,,,,,,,,,,
primary,position,56,raw_boundary.cosine,24,12,5,0.4166666666666667,,,0,,,,,,,,,,
primary,position,57,raw_boundary.cosine,24,12,4,0.3333333333333333,,,0,,,,,,,,,,
primary,position,58,raw_boundary.cosine,24,12,6,0.5,,,0,,,,,,,,,,
primary,position,59,raw_boundary.cosine,24,12,2,0.16666666666666666,,,0,,,,,,,,,,
primary,position,60,raw_boundary.cosine,24,12,4,0.3333333333333333,,,0,,,,,,,,,,
primary,position,61,raw_boundary.cosine,24,12,2,0.16666666666666666,,,0,,,,,,,,,,
primary,position,62,raw_boundary.cosine,24,12,6,0.5,,,0,,,,,,,,,,
primary,position,63,raw_boundary.cosine,24,12,2,0.16666666666666666,,,0,,,,,,,,,,
primary,position,64,raw_boundary.cosine,24,12,3,0.25,,,0,,,,,,,,,,
primary,position,65,raw_boundary.cosine,24,6,3,0.5,,,0,,,,,,,,,,
primary,position,66,raw_boundary.cosine,24,6,0,0.0,,,0,,,,,,,,,,
primary,position,67,raw_boundary.cosine,24,6,2,0.3333333333333333,,,0,,,,,,,,,,
primary,position,68,raw_boundary.cosine,24,6,1,0.16666666666666666,,,0,,,,,,,,,,
primary,position,69,raw_boundary.cosine,24,6,4,0.6666666666666666,,,0,,,,,,,,,,
primary,position,70,raw_boundary.cosine,24,6,1,0.16666666666666666,,,0,,,,,,,,,,
primary,position,71,raw_boundary.cosine,24,6,2,0.3333333333333333,,,0,,,,,,,,,,
primary,position,72,raw_boundary.cosine,24,6,2,0.3333333333333333,,,0,,,,,,,,,,
primary,position,73,raw_boundary.cosine,24,6,2,0.3333333333333333,,,0,,,,,,,,,,
primary,position,74,raw_boundary.cosine,24,6,3,0.5,,,0,,,,,,,,,,
primary,position,75,raw_boundary.cosine,24,6,1,0.16666666666666666,,,0,,,,,,,,,,
primary,position,76,raw_boundary.cosine,24,6,2,0.3333333333333333,,,0,,,,,,,,,,
primary,position,77,raw_boundary.cosine,24,6,1,0.16666666666666666,,,0,,,,,,,,,,
primary,position,78,raw_boundary.cosine,24,6,2,0.3333333333333333,,,0,,,,,,,,,,
primary,position,79,raw_boundary.cosine,24,6,1,0.16666666666666666,,,0,,,,,,,,,,
primary,position,80,raw_boundary.cosine,24,6,2,0.3333333333333333,,,0,,,,,,,,,,
primary,position,81,raw_boundary.cosine,24,6,4,0.6666666666666666,,,0,,,,,,,,,,
primary,position,82,raw_boundary.cosine,24,6,2,0.3333333333333333,,,0,,,,,,,,,,
primary,position,83,raw_boundary.cosine,24,6,2,0.3333333333333333,,,0,,,,,,,,,,
primary,position,84,raw_boundary.cosine,24,6,2,0.3333333333333333,,,0,,,,,,,,,,
primary,position,85,raw_boundary.cosine,24,6,0,0.0,,,0,,,,,,,,,,
primary,position,86,raw_boundary.cosine,24,6,1,0.16666666666666666,,,0,,,,,,,,,,
primary,position,87,raw_boundary.cosine,24,6,0,0.0,,,0,,,,,,,,,,
primary,position,88,raw_boundary.cosine,24,6,2,0.3333333333333333,,,0,,,,,,,,,,
primary,position,89,raw_boundary.cosine,24,6,2,0.3333333333333333,,,0,,,,,,,,,,
primary,position,90,raw_boundary.cosine,24,6,2,0.3333333333333333,,,0,,,,,,,,,,
primary,position,91,raw_boundary.cosine,24,6,1,0.16666666666666666,,,0,,,,,,,,,,
primary,position,92,raw_boundary.cosine,24,6,2,0.3333333333333333,,,0,,,,,,,,,,
primary,position,93,raw_boundary.cosine,24,6,2,0.3333333333333333,,,0,,,,,,,,,,
primary,position,94,raw_boundary.cosine,24,6,2,0.3333333333333333,,,0,,,,,,,,,,
primary,position,95,raw_boundary.cosine,24,6,4,0.6666666666666666,,,0,,,,,,,,,,
primary,position,96,raw_boundary.cosine,24,6,1,0.16666666666666666,,,0,,,,,,,,,,
primary,position,97,raw_boundary.cosine,24,6,0,0.0,,,0,,,,,,,,,,
primary,position,98,raw_boundary.cosine,24,6,3,0.5,,,0,,,,,,,,,,
primary,position,99,raw_boundary.cosine,24,6,4,0.6666666666666666,,,0,,,,,,,,,,
primary,position,100,raw_boundary.cosine,24,6,1,0.16666666666666666,,,0,,,,,,,,,,
primary,position,101,raw_boundary.cosine,24,6,2,0.3333333333333333,,,0,,,,,,,,,,
primary,position,102,raw_boundary.cosine,24,6,2,0.3333333333333333,,,0,,,,,,,,,,
primary,position,103,raw_boundary.cosine,24,6,2,0.3333333333333333,,,0,,,,,,,,,,
primary,position,104,raw_boundary.cosine,24,6,1,0.16666666666666666,,,0,,,,,,,,,,
primary,position,105,raw_boundary.cosine,24,6,2,0.3333333333333333,,,0,,,,,,,,,,
primary,position,106,raw_boundary.cosine,24,6,3,0.5,,,0,,,,,,,,,,
primary,position,107,raw_boundary.cosine,24,6,2,0.3333333333333333,,,0,,,,,,,,,,
primary,position,108,raw_boundary.cosine,24,6,3,0.5,,,0,,,,,,,,,,
primary,position,109,raw_boundary.cosine,24,6,3,0.5,,,0,,,,,,,,,,
primary,position,110,raw_boundary.cosine,24,6,2,0.3333333333333333,,,0,,,,,,,,,,
primary,position,111,raw_boundary.cosine,24,6,2,0.3333333333333333,,,0,,,,,,,,,,
primary,position,112,raw_boundary.cosine,24,6,3,0.5,,,0,,,,,,,,,,
primary,position,113,raw_boundary.cosine,24,6,3,0.5,,,0,,,,,,,,,,
primary,position,114,raw_boundary.cosine,24,6,0,0.0,,,0,,,,,,,,,,
primary,position,115,raw_boundary.cosine,24,6,3,0.5,,,0,,,,,,,,,,
primary,position,116,raw_boundary.cosine,24,6,3,0.5,,,0,,,,,,,,,,
primary,position,117,raw_boundary.cosine,24,6,3,0.5,,,0,,,,,,,,,,
primary,position,118,raw_boundary.cosine,24,6,3,0.5,,,0,,,,,,,,,,
primary,position,119,raw_boundary.cosine,24,6,4,0.6666666666666666,,,0,,,,,,,,,,
primary,position,120,raw_boundary.cosine,24,6,3,0.5,,,0,,,,,,,,,,
primary,position,121,raw_boundary.cosine,24,6,3,0.5,,,0,,,,,,,,,,
primary,position,122,raw_boundary.cosine,24,6,3,0.5,,,0,,,,,,,,,,
primary,position,123,raw_boundary.cosine,24,6,2,0.3333333333333333,,,0,,,,,,,,,,
primary,position,124,raw_boundary.cosine,24,6,3,0.5,,,0,,,,,,,,,,
primary,position,125,raw_boundary.cosine,24,6,2,0.3333333333333333,,,0,,,,,,,,,,
primary,position,126,raw_boundary.cosine,24,6,3,0.5,,,0,,,,,,,,,,
primary,position,127,raw_boundary.cosine,24,6,1,0.16666666666666666,,,0,,,,,,,,,,
primary,position,128,raw_boundary.cosine,24,6,2,0.3333333333333333,,,0,,,,,,,,,,
primary,style,coding,raw_boundary.cosine,8,494,137,0.2773279352226721,0,0.0,0,,,,,,,,,,
primary,style,creative_generation,raw_boundary.cosine,8,494,187,0.3785425101214575,0,0.0,0,,,,,,,,,,
primary,style,question_answer,raw_boundary.cosine,8,494,174,0.3522267206477733,0,0.0,0,,,,,,,,,,
primary,overall,overall,projected_boundary.cosine,24,1482,928,0.6261808367071525,0,0.0,0,,,,,,,,,,
primary,length,16,projected_boundary.cosine,6,96,58,0.6041666666666666,0,0.0,0,,,,,,,,,,
primary,length,39,projected_boundary.cosine,6,234,148,0.6324786324786325,0,0.0,0,,,,,,,,,,
primary,length,64,projected_boundary.cosine,6,384,240,0.625,0,0.0,0,,,,,,,,,,
primary,length,128,projected_boundary.cosine,6,768,482,0.6276041666666666,0,0.0,0,,,,,,,,,,
primary,position_bin,1-16,projected_boundary.cosine,24,384,240,0.625,,,0,,,,,,,,,,
primary,position_bin,17-32,projected_boundary.cosine,24,288,180,0.625,,,0,,,,,,,,,,
primary,position_bin,33-64,projected_boundary.cosine,24,426,266,0.6244131455399061,,,0,,,,,,,,,,
primary,position_bin,65-96,projected_boundary.cosine,24,192,116,0.6041666666666666,,,0,,,,,,,,,,
primary,position_bin,97-128,projected_boundary.cosine,24,192,126,0.65625,,,0,,,,,,,,,,
primary,position,1,projected_boundary.cosine,24,24,24,1.0,,,0,,,,,,,,,,
primary,position,2,projected_boundary.cosine,24,24,7,0.2916666666666667,,,0,,,,,,,,,,
primary,position,3,projected_boundary.cosine,24,24,11,0.4583333333333333,,,0,,,,,,,,,,
primary,position,4,projected_boundary.cosine,24,24,15,0.625,,,0,,,,,,,,,,
primary,position,5,projected_boundary.cosine,24,24,17,0.7083333333333334,,,0,,,,,,,,,,
primary,position,6,projected_boundary.cosine,24,24,13,0.5416666666666666,,,0,,,,,,,,,,
primary,position,7,projected_boundary.cosine,24,24,18,0.75,,,0,,,,,,,,,,
primary,position,8,projected_boundary.cosine,24,24,13,0.5416666666666666,,,0,,,,,,,,,,
primary,position,9,projected_boundary.cosine,24,24,16,0.6666666666666666,,,0,,,,,,,,,,
primary,position,10,projected_boundary.cosine,24,24,13,0.5416666666666666,,,0,,,,,,,,,,
primary,position,11,projected_boundary.cosine,24,24,17,0.7083333333333334,,,0,,,,,,,,,,
primary,position,12,projected_boundary.cosine,24,24,14,0.5833333333333334,,,0,,,,,,,,,,
primary,position,13,projected_boundary.cosine,24,24,19,0.7916666666666666,,,0,,,,,,,,,,
primary,position,14,projected_boundary.cosine,24,24,11,0.4583333333333333,,,0,,,,,,,,,,
primary,position,15,projected_boundary.cosine,24,24,16,0.6666666666666666,,,0,,,,,,,,,,
primary,position,16,projected_boundary.cosine,24,24,16,0.6666666666666666,,,0,,,,,,,,,,
primary,position,17,projected_boundary.cosine,24,18,10,0.5555555555555556,,,0,,,,,,,,,,
primary,position,18,projected_boundary.cosine,24,18,12,0.6666666666666666,,,0,,,,,,,,,,
primary,position,19,projected_boundary.cosine,24,18,10,0.5555555555555556,,,0,,,,,,,,,,
primary,position,20,projected_boundary.cosine,24,18,10,0.5555555555555556,,,0,,,,,,,,,,
primary,position,21,projected_boundary.cosine,24,18,11,0.6111111111111112,,,0,,,,,,,,,,
primary,position,22,projected_boundary.cosine,24,18,11,0.6111111111111112,,,0,,,,,,,,,,
primary,position,23,projected_boundary.cosine,24,18,12,0.6666666666666666,,,0,,,,,,,,,,
primary,position,24,projected_boundary.cosine,24,18,11,0.6111111111111112,,,0,,,,,,,,,,
primary,position,25,projected_boundary.cosine,24,18,13,0.7222222222222222,,,0,,,,,,,,,,
primary,position,26,projected_boundary.cosine,24,18,11,0.6111111111111112,,,0,,,,,,,,,,
primary,position,27,projected_boundary.cosine,24,18,11,0.6111111111111112,,,0,,,,,,,,,,
primary,position,28,projected_boundary.cosine,24,18,11,0.6111111111111112,,,0,,,,,,,,,,
primary,position,29,projected_boundary.cosine,24,18,16,0.8888888888888888,,,0,,,,,,,,,,
primary,position,30,projected_boundary.cosine,24,18,8,0.4444444444444444,,,0,,,,,,,,,,
primary,position,31,projected_boundary.cosine,24,18,13,0.7222222222222222,,,0,,,,,,,,,,
primary,position,32,projected_boundary.cosine,24,18,10,0.5555555555555556,,,0,,,,,,,,,,
primary,position,33,projected_boundary.cosine,24,18,11,0.6111111111111112,,,0,,,,,,,,,,
primary,position,34,projected_boundary.cosine,24,18,13,0.7222222222222222,,,0,,,,,,,,,,
primary,position,35,projected_boundary.cosine,24,18,13,0.7222222222222222,,,0,,,,,,,,,,
primary,position,36,projected_boundary.cosine,24,18,10,0.5555555555555556,,,0,,,,,,,,,,
primary,position,37,projected_boundary.cosine,24,18,9,0.5,,,0,,,,,,,,,,
primary,position,38,projected_boundary.cosine,24,18,13,0.7222222222222222,,,0,,,,,,,,,,
primary,position,39,projected_boundary.cosine,24,18,7,0.3888888888888889,,,0,,,,,,,,,,
primary,position,40,projected_boundary.cosine,24,12,8,0.6666666666666666,,,0,,,,,,,,,,
primary,position,41,projected_boundary.cosine,24,12,7,0.5833333333333334,,,0,,,,,,,,,,
primary,position,42,projected_boundary.cosine,24,12,9,0.75,,,0,,,,,,,,,,
primary,position,43,projected_boundary.cosine,24,12,6,0.5,,,0,,,,,,,,,,
primary,position,44,projected_boundary.cosine,24,12,7,0.5833333333333334,,,0,,,,,,,,,,
primary,position,45,projected_boundary.cosine,24,12,6,0.5,,,0,,,,,,,,,,
primary,position,46,projected_boundary.cosine,24,12,7,0.5833333333333334,,,0,,,,,,,,,,
primary,position,47,projected_boundary.cosine,24,12,6,0.5,,,0,,,,,,,,,,
primary,position,48,projected_boundary.cosine,24,12,10,0.8333333333333334,,,0,,,,,,,,,,
primary,position,49,projected_boundary.cosine,24,12,7,0.5833333333333334,,,0,,,,,,,,,,
primary,position,50,projected_boundary.cosine,24,12,7,0.5833333333333334,,,0,,,,,,,,,,
primary,position,51,projected_boundary.cosine,24,12,11,0.9166666666666666,,,0,,,,,,,,,,
primary,position,52,projected_boundary.cosine,24,12,7,0.5833333333333334,,,0,,,,,,,,,,
primary,position,53,projected_boundary.cosine,24,12,5,0.4166666666666667,,,0,,,,,,,,,,
primary,position,54,projected_boundary.cosine,24,12,8,0.6666666666666666,,,0,,,,,,,,,,
primary,position,55,projected_boundary.cosine,24,12,8,0.6666666666666666,,,0,,,,,,,,,,
primary,position,56,projected_boundary.cosine,24,12,9,0.75,,,0,,,,,,,,,,
primary,position,57,projected_boundary.cosine,24,12,8,0.6666666666666666,,,0,,,,,,,,,,
primary,position,58,projected_boundary.cosine,24,12,10,0.8333333333333334,,,0,,,,,,,,,,
primary,position,59,projected_boundary.cosine,24,12,3,0.25,,,0,,,,,,,,,,
primary,position,60,projected_boundary.cosine,24,12,8,0.6666666666666666,,,0,,,,,,,,,,
primary,position,61,projected_boundary.cosine,24,12,8,0.6666666666666666,,,0,,,,,,,,,,
primary,position,62,projected_boundary.cosine,24,12,8,0.6666666666666666,,,0,,,,,,,,,,
primary,position,63,projected_boundary.cosine,24,12,9,0.75,,,0,,,,,,,,,,
primary,position,64,projected_boundary.cosine,24,12,8,0.6666666666666666,,,0,,,,,,,,,,
primary,position,65,projected_boundary.cosine,24,6,4,0.6666666666666666,,,0,,,,,,,,,,
primary,position,66,projected_boundary.cosine,24,6,2,0.3333333333333333,,,0,,,,,,,,,,
primary,position,67,projected_boundary.cosine,24,6,3,0.5,,,0,,,,,,,,,,
primary,position,68,projected_boundary.cosine,24,6,3,0.5,,,0,,,,,,,,,,
primary,position,69,projected_boundary.cosine,24,6,6,1.0,,,0,,,,,,,,,,
primary,position,70,projected_boundary.cosine,24,6,4,0.6666666666666666,,,0,,,,,,,,,,
primary,position,71,projected_boundary.cosine,24,6,5,0.8333333333333334,,,0,,,,,,,,,,
primary,position,72,projected_boundary.cosine,24,6,4,0.6666666666666666,,,0,,,,,,,,,,
primary,position,73,projected_boundary.cosine,24,6,3,0.5,,,0,,,,,,,,,,
primary,position,74,projected_boundary.cosine,24,6,5,0.8333333333333334,,,0,,,,,,,,,,
primary,position,75,projected_boundary.cosine,24,6,3,0.5,,,0,,,,,,,,,,
primary,position,76,projected_boundary.cosine,24,6,5,0.8333333333333334,,,0,,,,,,,,,,
primary,position,77,projected_boundary.cosine,24,6,3,0.5,,,0,,,,,,,,,,
primary,position,78,projected_boundary.cosine,24,6,3,0.5,,,0,,,,,,,,,,
primary,position,79,projected_boundary.cosine,24,6,3,0.5,,,0,,,,,,,,,,
primary,position,80,projected_boundary.cosine,24,6,6,1.0,,,0,,,,,,,,,,
primary,position,81,projected_boundary.cosine,24,6,4,0.6666666666666666,,,0,,,,,,,,,,
primary,position,82,projected_boundary.cosine,24,6,3,0.5,,,0,,,,,,,,,,
primary,position,83,projected_boundary.cosine,24,6,5,0.8333333333333334,,,0,,,,,,,,,,
primary,position,84,projected_boundary.cosine,24,6,4,0.6666666666666666,,,0,,,,,,,,,,
primary,position,85,projected_boundary.cosine,24,6,3,0.5,,,0,,,,,,,,,,
primary,position,86,projected_boundary.cosine,24,6,3,0.5,,,0,,,,,,,,,,
primary,position,87,projected_boundary.cosine,24,6,4,0.6666666666666666,,,0,,,,,,,,,,
primary,position,88,projected_boundary.cosine,24,6,2,0.3333333333333333,,,0,,,,,,,,,,
primary,position,89,projected_boundary.cosine,24,6,4,0.6666666666666666,,,0,,,,,,,,,,
primary,position,90,projected_boundary.cosine,24,6,4,0.6666666666666666,,,0,,,,,,,,,,
primary,position,91,projected_boundary.cosine,24,6,2,0.3333333333333333,,,0,,,,,,,,,,
primary,position,92,projected_boundary.cosine,24,6,4,0.6666666666666666,,,0,,,,,,,,,,
primary,position,93,projected_boundary.cosine,24,6,3,0.5,,,0,,,,,,,,,,
primary,position,94,projected_boundary.cosine,24,6,2,0.3333333333333333,,,0,,,,,,,,,,
primary,position,95,projected_boundary.cosine,24,6,4,0.6666666666666666,,,0,,,,,,,,,,
primary,position,96,projected_boundary.cosine,24,6,3,0.5,,,0,,,,,,,,,,
primary,position,97,projected_boundary.cosine,24,6,2,0.3333333333333333,,,0,,,,,,,,,,
primary,position,98,projected_boundary.cosine,24,6,4,0.6666666666666666,,,0,,,,,,,,,,
primary,position,99,projected_boundary.cosine,24,6,5,0.8333333333333334,,,0,,,,,,,,,,
primary,position,100,projected_boundary.cosine,24,6,5,0.8333333333333334,,,0,,,,,,,,,,
primary,position,101,projected_boundary.cosine,24,6,2,0.3333333333333333,,,0,,,,,,,,,,
primary,position,102,projected_boundary.cosine,24,6,5,0.8333333333333334,,,0,,,,,,,,,,
primary,position,103,projected_boundary.cosine,24,6,4,0.6666666666666666,,,0,,,,,,,,,,
primary,position,104,projected_boundary.cosine,24,6,1,0.16666666666666666,,,0,,,,,,,,,,
primary,position,105,projected_boundary.cosine,24,6,5,0.8333333333333334,,,0,,,,,,,,,,
primary,position,106,projected_boundary.cosine,24,6,4,0.6666666666666666,,,0,,,,,,,,,,
primary,position,107,projected_boundary.cosine,24,6,4,0.6666666666666666,,,0,,,,,,,,,,
primary,position,108,projected_boundary.cosine,24,6,4,0.6666666666666666,,,0,,,,,,,,,,
primary,position,109,projected_boundary.cosine,24,6,4,0.6666666666666666,,,0,,,,,,,,,,
primary,position,110,projected_boundary.cosine,24,6,4,0.6666666666666666,,,0,,,,,,,,,,
primary,position,111,projected_boundary.cosine,24,6,3,0.5,,,0,,,,,,,,,,
primary,position,112,projected_boundary.cosine,24,6,4,0.6666666666666666,,,0,,,,,,,,,,
primary,position,113,projected_boundary.cosine,24,6,4,0.6666666666666666,,,0,,,,,,,,,,
primary,position,114,projected_boundary.cosine,24,6,3,0.5,,,0,,,,,,,,,,
primary,position,115,projected_boundary.cosine,24,6,5,0.8333333333333334,,,0,,,,,,,,,,
primary,position,116,projected_boundary.cosine,24,6,4,0.6666666666666666,,,0,,,,,,,,,,
primary,position,117,projected_boundary.cosine,24,6,4,0.6666666666666666,,,0,,,,,,,,,,
primary,position,118,projected_boundary.cosine,24,6,5,0.8333333333333334,,,0,,,,,,,,,,
primary,position,119,projected_boundary.cosine,24,6,5,0.8333333333333334,,,0,,,,,,,,,,
primary,position,120,projected_boundary.cosine,24,6,3,0.5,,,0,,,,,,,,,,
primary,position,121,projected_boundary.cosine,24,6,4,0.6666666666666666,,,0,,,,,,,,,,
primary,position,122,projected_boundary.cosine,24,6,5,0.8333333333333334,,,0,,,,,,,,,,
primary,position,123,projected_boundary.cosine,24,6,4,0.6666666666666666,,,0,,,,,,,,,,
primary,position,124,projected_boundary.cosine,24,6,5,0.8333333333333334,,,0,,,,,,,,,,
primary,position,125,projected_boundary.cosine,24,6,3,0.5,,,0,,,,,,,,,,
primary,position,126,projected_boundary.cosine,24,6,5,0.8333333333333334,,,0,,,,,,,,,,
primary,position,127,projected_boundary.cosine,24,6,4,0.6666666666666666,,,0,,,,,,,,,,
primary,position,128,projected_boundary.cosine,24,6,3,0.5,,,0,,,,,,,,,,
primary,style,coding,projected_boundary.cosine,8,494,311,0.6295546558704453,0,0.0,0,,,,,,,,,,
primary,style,creative_generation,projected_boundary.cosine,8,494,309,0.6255060728744939,0,0.0,0,,,,,,,,,,
primary,style,question_answer,projected_boundary.cosine,8,494,308,0.6234817813765182,0,0.0,0,,,,,,,,,,
primary,overall,overall,historical_a1.cosine,24,1482,1332,0.8987854251012146,5,0.20833333333333334,0,,,,,,,,,,
primary,length,16,historical_a1.cosine,6,96,93,0.96875,3,0.5,0,,,,,,,,,,
primary,length,39,historical_a1.cosine,6,234,213,0.9102564102564102,0,0.0,0,,,,,,,,,,
primary,length,64,historical_a1.cosine,6,384,371,0.9661458333333334,2,0.3333333333333333,0,,,,,,,,,,
primary,length,128,historical_a1.cosine,6,768,655,0.8528645833333334,0,0.0,0,,,,,,,,,,
primary,position_bin,1-16,historical_a1.cosine,24,384,367,0.9557291666666666,,,0,,,,,,,,,,
primary,position_bin,17-32,historical_a1.cosine,24,288,264,0.9166666666666666,,,0,,,,,,,,,,
primary,position_bin,33-64,historical_a1.cosine,24,426,382,0.8967136150234741,,,0,,,,,,,,,,
primary,position_bin,65-96,historical_a1.cosine,24,192,161,0.8385416666666666,,,0,,,,,,,,,,
primary,position_bin,97-128,historical_a1.cosine,24,192,158,0.8229166666666666,,,0,,,,,,,,,,
primary,position,1,historical_a1.cosine,24,24,24,1.0,,,0,,,,,,,,,,
primary,position,2,historical_a1.cosine,24,24,24,1.0,,,0,,,,,,,,,,
primary,position,3,historical_a1.cosine,24,24,24,1.0,,,0,,,,,,,,,,
primary,position,4,historical_a1.cosine,24,24,24,1.0,,,0,,,,,,,,,,
primary,position,5,historical_a1.cosine,24,24,24,1.0,,,0,,,,,,,,,,
primary,position,6,historical_a1.cosine,24,24,23,0.9583333333333334,,,0,,,,,,,,,,
primary,position,7,historical_a1.cosine,24,24,22,0.9166666666666666,,,0,,,,,,,,,,
primary,position,8,historical_a1.cosine,24,24,23,0.9583333333333334,,,0,,,,,,,,,,
primary,position,9,historical_a1.cosine,24,24,22,0.9166666666666666,,,0,,,,,,,,,,
primary,position,10,historical_a1.cosine,24,24,23,0.9583333333333334,,,0,,,,,,,,,,
primary,position,11,historical_a1.cosine,24,24,21,0.875,,,0,,,,,,,,,,
primary,position,12,historical_a1.cosine,24,24,24,1.0,,,0,,,,,,,,,,
primary,position,13,historical_a1.cosine,24,24,24,1.0,,,0,,,,,,,,,,
primary,position,14,historical_a1.cosine,24,24,23,0.9583333333333334,,,0,,,,,,,,,,
primary,position,15,historical_a1.cosine,24,24,20,0.8333333333333334,,,0,,,,,,,,,,
primary,position,16,historical_a1.cosine,24,24,22,0.9166666666666666,,,0,,,,,,,,,,
primary,position,17,historical_a1.cosine,24,18,14,0.7777777777777778,,,0,,,,,,,,,,
primary,position,18,historical_a1.cosine,24,18,16,0.8888888888888888,,,0,,,,,,,,,,
primary,position,19,historical_a1.cosine,24,18,16,0.8888888888888888,,,0,,,,,,,,,,
primary,position,20,historical_a1.cosine,24,18,17,0.9444444444444444,,,0,,,,,,,,,,
primary,position,21,historical_a1.cosine,24,18,18,1.0,,,0,,,,,,,,,,
primary,position,22,historical_a1.cosine,24,18,15,0.8333333333333334,,,0,,,,,,,,,,
primary,position,23,historical_a1.cosine,24,18,16,0.8888888888888888,,,0,,,,,,,,,,
primary,position,24,historical_a1.cosine,24,18,17,0.9444444444444444,,,0,,,,,,,,,,
primary,position,25,historical_a1.cosine,24,18,18,1.0,,,0,,,,,,,,,,
primary,position,26,historical_a1.cosine,24,18,17,0.9444444444444444,,,0,,,,,,,,,,
primary,position,27,historical_a1.cosine,24,18,17,0.9444444444444444,,,0,,,,,,,,,,
primary,position,28,historical_a1.cosine,24,18,15,0.8333333333333334,,,0,,,,,,,,,,
primary,position,29,historical_a1.cosine,24,18,17,0.9444444444444444,,,0,,,,,,,,,,
primary,position,30,historical_a1.cosine,24,18,17,0.9444444444444444,,,0,,,,,,,,,,
primary,position,31,historical_a1.cosine,24,18,18,1.0,,,0,,,,,,,,,,
primary,position,32,historical_a1.cosine,24,18,16,0.8888888888888888,,,0,,,,,,,,,,
primary,position,33,historical_a1.cosine,24,18,16,0.8888888888888888,,,0,,,,,,,,,,
primary,position,34,historical_a1.cosine,24,18,16,0.8888888888888888,,,0,,,,,,,,,,
primary,position,35,historical_a1.cosine,24,18,18,1.0,,,0,,,,,,,,,,
primary,position,36,historical_a1.cosine,24,18,16,0.8888888888888888,,,0,,,,,,,,,,
primary,position,37,historical_a1.cosine,24,18,17,0.9444444444444444,,,0,,,,,,,,,,
primary,position,38,historical_a1.cosine,24,18,14,0.7777777777777778,,,0,,,,,,,,,,
primary,position,39,historical_a1.cosine,24,18,15,0.8333333333333334,,,0,,,,,,,,,,
primary,position,40,historical_a1.cosine,24,12,11,0.9166666666666666,,,0,,,,,,,,,,
primary,position,41,historical_a1.cosine,24,12,12,1.0,,,0,,,,,,,,,,
primary,position,42,historical_a1.cosine,24,12,11,0.9166666666666666,,,0,,,,,,,,,,
primary,position,43,historical_a1.cosine,24,12,11,0.9166666666666666,,,0,,,,,,,,,,
primary,position,44,historical_a1.cosine,24,12,11,0.9166666666666666,,,0,,,,,,,,,,
primary,position,45,historical_a1.cosine,24,12,11,0.9166666666666666,,,0,,,,,,,,,,
primary,position,46,historical_a1.cosine,24,12,10,0.8333333333333334,,,0,,,,,,,,,,
primary,position,47,historical_a1.cosine,24,12,9,0.75,,,0,,,,,,,,,,
primary,position,48,historical_a1.cosine,24,12,11,0.9166666666666666,,,0,,,,,,,,,,
primary,position,49,historical_a1.cosine,24,12,10,0.8333333333333334,,,0,,,,,,,,,,
primary,position,50,historical_a1.cosine,24,12,10,0.8333333333333334,,,0,,,,,,,,,,
primary,position,51,historical_a1.cosine,24,12,12,1.0,,,0,,,,,,,,,,
primary,position,52,historical_a1.cosine,24,12,11,0.9166666666666666,,,0,,,,,,,,,,
primary,position,53,historical_a1.cosine,24,12,10,0.8333333333333334,,,0,,,,,,,,,,
primary,position,54,historical_a1.cosine,24,12,12,1.0,,,0,,,,,,,,,,
primary,position,55,historical_a1.cosine,24,12,10,0.8333333333333334,,,0,,,,,,,,,,
primary,position,56,historical_a1.cosine,24,12,8,0.6666666666666666,,,0,,,,,,,,,,
primary,position,57,historical_a1.cosine,24,12,11,0.9166666666666666,,,0,,,,,,,,,,
primary,position,58,historical_a1.cosine,24,12,11,0.9166666666666666,,,0,,,,,,,,,,
primary,position,59,historical_a1.cosine,24,12,12,1.0,,,0,,,,,,,,,,
primary,position,60,historical_a1.cosine,24,12,11,0.9166666666666666,,,0,,,,,,,,,,
primary,position,61,historical_a1.cosine,24,12,10,0.8333333333333334,,,0,,,,,,,,,,
primary,position,62,historical_a1.cosine,24,12,12,1.0,,,0,,,,,,,,,,
primary,position,63,historical_a1.cosine,24,12,12,1.0,,,0,,,,,,,,,,
primary,position,64,historical_a1.cosine,24,12,11,0.9166666666666666,,,0,,,,,,,,,,
primary,position,65,historical_a1.cosine,24,6,5,0.8333333333333334,,,0,,,,,,,,,,
primary,position,66,historical_a1.cosine,24,6,6,1.0,,,0,,,,,,,,,,
primary,position,67,historical_a1.cosine,24,6,6,1.0,,,0,,,,,,,,,,
primary,position,68,historical_a1.cosine,24,6,4,0.6666666666666666,,,0,,,,,,,,,,
primary,position,69,historical_a1.cosine,24,6,5,0.8333333333333334,,,0,,,,,,,,,,
primary,position,70,historical_a1.cosine,24,6,5,0.8333333333333334,,,0,,,,,,,,,,
primary,position,71,historical_a1.cosine,24,6,5,0.8333333333333334,,,0,,,,,,,,,,
primary,position,72,historical_a1.cosine,24,6,5,0.8333333333333334,,,0,,,,,,,,,,
primary,position,73,historical_a1.cosine,24,6,5,0.8333333333333334,,,0,,,,,,,,,,
primary,position,74,historical_a1.cosine,24,6,5,0.8333333333333334,,,0,,,,,,,,,,
primary,position,75,historical_a1.cosine,24,6,5,0.8333333333333334,,,0,,,,,,,,,,
primary,position,76,historical_a1.cosine,24,6,5,0.8333333333333334,,,0,,,,,,,,,,
primary,position,77,historical_a1.cosine,24,6,6,1.0,,,0,,,,,,,,,,
primary,position,78,historical_a1.cosine,24,6,4,0.6666666666666666,,,0,,,,,,,,,,
primary,position,79,historical_a1.cosine,24,6,4,0.6666666666666666,,,0,,,,,,,,,,
primary,position,80,historical_a1.cosine,24,6,5,0.8333333333333334,,,0,,,,,,,,,,
primary,position,81,historical_a1.cosine,24,6,6,1.0,,,0,,,,,,,,,,
primary,position,82,historical_a1.cosine,24,6,6,1.0,,,0,,,,,,,,,,
primary,position,83,historical_a1.cosine,24,6,4,0.6666666666666666,,,0,,,,,,,,,,
primary,position,84,historical_a1.cosine,24,6,6,1.0,,,0,,,,,,,,,,
primary,position,85,historical_a1.cosine,24,6,5,0.8333333333333334,,,0,,,,,,,,,,
primary,position,86,historical_a1.cosine,24,6,5,0.8333333333333334,,,0,,,,,,,,,,
primary,position,87,historical_a1.cosine,24,6,5,0.8333333333333334,,,0,,,,,,,,,,
primary,position,88,historical_a1.cosine,24,6,5,0.8333333333333334,,,0,,,,,,,,,,
primary,position,89,historical_a1.cosine,24,6,6,1.0,,,0,,,,,,,,,,
primary,position,90,historical_a1.cosine,24,6,5,0.8333333333333334,,,0,,,,,,,,,,
primary,position,91,historical_a1.cosine,24,6,5,0.8333333333333334,,,0,,,,,,,,,,
primary,position,92,historical_a1.cosine,24,6,4,0.6666666666666666,,,0,,,,,,,,,,
primary,position,93,historical_a1.cosine,24,6,3,0.5,,,0,,,,,,,,,,
primary,position,94,historical_a1.cosine,24,6,4,0.6666666666666666,,,0,,,,,,,,,,
primary,position,95,historical_a1.cosine,24,6,6,1.0,,,0,,,,,,,,,,
primary,position,96,historical_a1.cosine,24,6,6,1.0,,,0,,,,,,,,,,
primary,position,97,historical_a1.cosine,24,6,6,1.0,,,0,,,,,,,,,,
primary,position,98,historical_a1.cosine,24,6,4,0.6666666666666666,,,0,,,,,,,,,,
primary,position,99,historical_a1.cosine,24,6,5,0.8333333333333334,,,0,,,,,,,,,,
primary,position,100,historical_a1.cosine,24,6,4,0.6666666666666666,,,0,,,,,,,,,,
primary,position,101,historical_a1.cosine,24,6,4,0.6666666666666666,,,0,,,,,,,,,,
primary,position,102,historical_a1.cosine,24,6,5,0.8333333333333334,,,0,,,,,,,,,,
primary,position,103,historical_a1.cosine,24,6,5,0.8333333333333334,,,0,,,,,,,,,,
primary,position,104,historical_a1.cosine,24,6,4,0.6666666666666666,,,0,,,,,,,,,,
primary,position,105,historical_a1.cosine,24,6,5,0.8333333333333334,,,0,,,,,,,,,,
primary,position,106,historical_a1.cosine,24,6,6,1.0,,,0,,,,,,,,,,
primary,position,107,historical_a1.cosine,24,6,6,1.0,,,0,,,,,,,,,,
primary,position,108,historical_a1.cosine,24,6,6,1.0,,,0,,,,,,,,,,
primary,position,109,historical_a1.cosine,24,6,5,0.8333333333333334,,,0,,,,,,,,,,
primary,position,110,historical_a1.cosine,24,6,5,0.8333333333333334,,,0,,,,,,,,,,
primary,position,111,historical_a1.cosine,24,6,5,0.8333333333333334,,,0,,,,,,,,,,
primary,position,112,historical_a1.cosine,24,6,4,0.6666666666666666,,,0,,,,,,,,,,
primary,position,113,historical_a1.cosine,24,6,5,0.8333333333333334,,,0,,,,,,,,,,
primary,position,114,historical_a1.cosine,24,6,6,1.0,,,0,,,,,,,,,,
primary,position,115,historical_a1.cosine,24,6,5,0.8333333333333334,,,0,,,,,,,,,,
primary,position,116,historical_a1.cosine,24,6,4,0.6666666666666666,,,0,,,,,,,,,,
primary,position,117,historical_a1.cosine,24,6,5,0.8333333333333334,,,0,,,,,,,,,,
primary,position,118,historical_a1.cosine,24,6,4,0.6666666666666666,,,0,,,,,,,,,,
primary,position,119,historical_a1.cosine,24,6,5,0.8333333333333334,,,0,,,,,,,,,,
primary,position,120,historical_a1.cosine,24,6,5,0.8333333333333334,,,0,,,,,,,,,,
primary,position,121,historical_a1.cosine,24,6,5,0.8333333333333334,,,0,,,,,,,,,,
primary,position,122,historical_a1.cosine,24,6,5,0.8333333333333334,,,0,,,,,,,,,,
primary,position,123,historical_a1.cosine,24,6,6,1.0,,,0,,,,,,,,,,
primary,position,124,historical_a1.cosine,24,6,6,1.0,,,0,,,,,,,,,,
primary,position,125,historical_a1.cosine,24,6,4,0.6666666666666666,,,0,,,,,,,,,,
primary,position,126,historical_a1.cosine,24,6,5,0.8333333333333334,,,0,,,,,,,,,,
primary,position,127,historical_a1.cosine,24,6,5,0.8333333333333334,,,0,,,,,,,,,,
primary,position,128,historical_a1.cosine,24,6,4,0.6666666666666666,,,0,,,,,,,,,,
primary,style,coding,historical_a1.cosine,8,494,412,0.8340080971659919,3,0.375,0,,,,,,,,,,
primary,style,creative_generation,historical_a1.cosine,8,494,457,0.9251012145748988,0,0.0,0,,,,,,,,,,
primary,style,question_answer,historical_a1.cosine,8,494,463,0.937246963562753,2,0.25,0,,,,,,,,,,
primary,overall,overall,historical_a1_a2_anchor.cosine,4,156,156,1.0,4,1.0,0,,,,,,,,,,
primary,length,16,historical_a1_a2_anchor.cosine,0,0,0,0.0,0,,0,,,,,,,,,,
primary,length,39,historical_a1_a2_anchor.cosine,4,156,156,1.0,4,1.0,0,,,,,,,,,,
primary,length,64,historical_a1_a2_anchor.cosine,0,0,0,0.0,0,,0,,,,,,,,,,
primary,length,128,historical_a1_a2_anchor.cosine,0,0,0,0.0,0,,0,,,,,,,,,,
primary,position_bin,1-16,historical_a1_a2_anchor.cosine,4,64,64,1.0,,,0,,,,,,,,,,
primary,position_bin,17-32,historical_a1_a2_anchor.cosine,4,64,64,1.0,,,0,,,,,,,,,,
primary,position_bin,33-64,historical_a1_a2_anchor.cosine,4,28,28,1.0,,,0,,,,,,,,,,
primary,position_bin,65-96,historical_a1_a2_anchor.cosine,4,0,0,0.0,,,0,,,,,,,,,,
primary,position_bin,97-128,historical_a1_a2_anchor.cosine,4,0,0,0.0,,,0,,,,,,,,,,
primary,position,1,historical_a1_a2_anchor.cosine,4,4,4,1.0,,,0,,,,,,,,,,
primary,position,2,historical_a1_a2_anchor.cosine,4,4,4,1.0,,,0,,,,,,,,,,
primary,position,3,historical_a1_a2_anchor.cosine,4,4,4,1.0,,,0,,,,,,,,,,
primary,position,4,historical_a1_a2_anchor.cosine,4,4,4,1.0,,,0,,,,,,,,,,
primary,position,5,historical_a1_a2_anchor.cosine,4,4,4,1.0,,,0,,,,,,,,,,
primary,position,6,historical_a1_a2_anchor.cosine,4,4,4,1.0,,,0,,,,,,,,,,
primary,position,7,historical_a1_a2_anchor.cosine,4,4,4,1.0,,,0,,,,,,,,,,
primary,position,8,historical_a1_a2_anchor.cosine,4,4,4,1.0,,,0,,,,,,,,,,
primary,position,9,historical_a1_a2_anchor.cosine,4,4,4,1.0,,,0,,,,,,,,,,
primary,position,10,historical_a1_a2_anchor.cosine,4,4,4,1.0,,,0,,,,,,,,,,
primary,position,11,historical_a1_a2_anchor.cosine,4,4,4,1.0,,,0,,,,,,,,,,
primary,position,12,historical_a1_a2_anchor.cosine,4,4,4,1.0,,,0,,,,,,,,,,
primary,position,13,historical_a1_a2_anchor.cosine,4,4,4,1.0,,,0,,,,,,,,,,
primary,position,14,historical_a1_a2_anchor.cosine,4,4,4,1.0,,,0,,,,,,,,,,
primary,position,15,historical_a1_a2_anchor.cosine,4,4,4,1.0,,,0,,,,,,,,,,
primary,position,16,historical_a1_a2_anchor.cosine,4,4,4,1.0,,,0,,,,,,,,,,
primary,position,17,historical_a1_a2_anchor.cosine,4,4,4,1.0,,,0,,,,,,,,,,
primary,position,18,historical_a1_a2_anchor.cosine,4,4,4,1.0,,,0,,,,,,,,,,
primary,position,19,historical_a1_a2_anchor.cosine,4,4,4,1.0,,,0,,,,,,,,,,
primary,position,20,historical_a1_a2_anchor.cosine,4,4,4,1.0,,,0,,,,,,,,,,
primary,position,21,historical_a1_a2_anchor.cosine,4,4,4,1.0,,,0,,,,,,,,,,
primary,position,22,historical_a1_a2_anchor.cosine,4,4,4,1.0,,,0,,,,,,,,,,
primary,position,23,historical_a1_a2_anchor.cosine,4,4,4,1.0,,,0,,,,,,,,,,
primary,position,24,historical_a1_a2_anchor.cosine,4,4,4,1.0,,,0,,,,,,,,,,
primary,position,25,historical_a1_a2_anchor.cosine,4,4,4,1.0,,,0,,,,,,,,,,
primary,position,26,historical_a1_a2_anchor.cosine,4,4,4,1.0,,,0,,,,,,,,,,
primary,position,27,historical_a1_a2_anchor.cosine,4,4,4,1.0,,,0,,,,,,,,,,
primary,position,28,historical_a1_a2_anchor.cosine,4,4,4,1.0,,,0,,,,,,,,,,
primary,position,29,historical_a1_a2_anchor.cosine,4,4,4,1.0,,,0,,,,,,,,,,
primary,position,30,historical_a1_a2_anchor.cosine,4,4,4,1.0,,,0,,,,,,,,,,
primary,position,31,historical_a1_a2_anchor.cosine,4,4,4,1.0,,,0,,,,,,,,,,
primary,position,32,historical_a1_a2_anchor.cosine,4,4,4,1.0,,,0,,,,,,,,,,
primary,position,33,historical_a1_a2_anchor.cosine,4,4,4,1.0,,,0,,,,,,,,,,
primary,position,34,historical_a1_a2_anchor.cosine,4,4,4,1.0,,,0,,,,,,,,,,
primary,position,35,historical_a1_a2_anchor.cosine,4,4,4,1.0,,,0,,,,,,,,,,
primary,position,36,historical_a1_a2_anchor.cosine,4,4,4,1.0,,,0,,,,,,,,,,
primary,position,37,historical_a1_a2_anchor.cosine,4,4,4,1.0,,,0,,,,,,,,,,
primary,position,38,historical_a1_a2_anchor.cosine,4,4,4,1.0,,,0,,,,,,,,,,
primary,position,39,historical_a1_a2_anchor.cosine,4,4,4,1.0,,,0,,,,,,,,,,
primary,style,coding,historical_a1_a2_anchor.cosine,1,39,39,1.0,1,1.0,0,,,,,,,,,,
primary,style,creative_generation,historical_a1_a2_anchor.cosine,2,78,78,1.0,2,1.0,0,,,,,,,,,,
primary,style,question_answer,historical_a1_a2_anchor.cosine,1,39,39,1.0,1,1.0,0,,,,,,,,,,
primary,paired_overall,overall,projected_vs_a1,24,1482,,,,,,928,1332,-404,0.6261808367071525,0.8987854251012146,91,495,837,59,896
primary,paired_length,16,projected_vs_a1,6,96,,,,,,58,93,-35,0.6041666666666666,0.96875,2,37,56,1,57
primary,paired_length,39,projected_vs_a1,6,234,,,,,,148,213,-65,0.6324786324786325,0.9102564102564102,13,78,135,8,143
primary,paired_length,64,projected_vs_a1,6,384,,,,,,240,371,-131,0.625,0.9661458333333334,7,138,233,6,239
primary,paired_length,128,projected_vs_a1,6,768,,,,,,482,655,-173,0.6276041666666666,0.8528645833333334,69,242,413,44,457
primary,paired_position_bin,1-16,projected_vs_a1,24,384,,,,,,240,367,-127,0.625,0.9557291666666666,8,135,232,9,241
primary,paired_position_bin,17-32,projected_vs_a1,24,288,,,,,,180,264,-84,0.625,0.9166666666666666,15,99,165,9,174
primary,paired_position_bin,33-64,projected_vs_a1,24,426,,,,,,266,382,-116,0.6244131455399061,0.8967136150234741,27,143,239,17,256
primary,paired_position_bin,65-96,projected_vs_a1,24,192,,,,,,116,161,-45,0.6041666666666666,0.8385416666666666,18,63,98,13,111
primary,paired_position_bin,97-128,projected_vs_a1,24,192,,,,,,126,158,-32,0.65625,0.8229166666666666,23,55,103,11,114
primary,paired_position,1,projected_vs_a1,24,24,,,,,,24,24,0,1.0,1.0,0,0,24,0,24
primary,paired_position,2,projected_vs_a1,24,24,,,,,,7,24,-17,0.2916666666666667,1.0,0,17,7,0,7
primary,paired_position,3,projected_vs_a1,24,24,,,,,,11,24,-13,0.4583333333333333,1.0,0,13,11,0,11
primary,paired_position,4,projected_vs_a1,24,24,,,,,,15,24,-9,0.625,1.0,0,9,15,0,15
primary,paired_position,5,projected_vs_a1,24,24,,,,,,17,24,-7,0.7083333333333334,1.0,0,7,17,0,17
primary,paired_position,6,projected_vs_a1,24,24,,,,,,13,23,-10,0.5416666666666666,0.9583333333333334,1,11,12,0,12
primary,paired_position,7,projected_vs_a1,24,24,,,,,,18,22,-4,0.75,0.9166666666666666,0,4,18,2,20
primary,paired_position,8,projected_vs_a1,24,24,,,,,,13,23,-10,0.5416666666666666,0.9583333333333334,1,11,12,0,12
primary,paired_position,9,projected_vs_a1,24,24,,,,,,16,22,-6,0.6666666666666666,0.9166666666666666,1,7,15,1,16
primary,paired_position,10,projected_vs_a1,24,24,,,,,,13,23,-10,0.5416666666666666,0.9583333333333334,1,11,12,0,12
primary,paired_position,11,projected_vs_a1,24,24,,,,,,17,21,-4,0.7083333333333334,0.875,2,6,15,1,16
primary,paired_position,12,projected_vs_a1,24,24,,,,,,14,24,-10,0.5833333333333334,1.0,0,10,14,0,14
primary,paired_position,13,projected_vs_a1,24,24,,,,,,19,24,-5,0.7916666666666666,1.0,0,5,19,0,19
primary,paired_position,14,projected_vs_a1,24,24,,,,,,11,23,-12,0.4583333333333333,0.9583333333333334,0,12,11,1,12
primary,paired_position,15,projected_vs_a1,24,24,,,,,,16,20,-4,0.6666666666666666,0.8333333333333334,1,5,15,3,18
primary,paired_position,16,projected_vs_a1,24,24,,,,,,16,22,-6,0.6666666666666666,0.9166666666666666,1,7,15,1,16
primary,paired_position,17,projected_vs_a1,24,18,,,,,,10,14,-4,0.5555555555555556,0.7777777777777778,4,8,6,0,6
primary,paired_position,18,projected_vs_a1,24,18,,,,,,12,16,-4,0.6666666666666666,0.8888888888888888,1,5,11,1,12
primary,paired_position,19,projected_vs_a1,24,18,,,,,,10,16,-6,0.5555555555555556,0.8888888888888888,1,7,9,1,10
primary,paired_position,20,projected_vs_a1,24,18,,,,,,10,17,-7,0.5555555555555556,0.9444444444444444,1,8,9,0,9
primary,paired_position,21,projected_vs_a1,24,18,,,,,,11,18,-7,0.6111111111111112,1.0,0,7,11,0,11
primary,paired_position,22,projected_vs_a1,24,18,,,,,,11,15,-4,0.6111111111111112,0.8333333333333334,1,5,10,2,12
primary,paired_position,23,projected_vs_a1,24,18,,,,,,12,16,-4,0.6666666666666666,0.8888888888888888,1,5,11,1,12
primary,paired_position,24,projected_vs_a1,24,18,,,,,,11,17,-6,0.6111111111111112,0.9444444444444444,0,6,11,1,12
primary,paired_position,25,projected_vs_a1,24,18,,,,,,13,18,-5,0.7222222222222222,1.0,0,5,13,0,13
primary,paired_position,26,projected_vs_a1,24,18,,,,,,11,17,-6,0.6111111111111112,0.9444444444444444,1,7,10,0,10
primary,paired_position,27,projected_vs_a1,24,18,,,,,,11,17,-6,0.6111111111111112,0.9444444444444444,1,7,10,0,10
primary,paired_position,28,projected_vs_a1,24,18,,,,,,11,15,-4,0.6111111111111112,0.8333333333333334,3,7,8,0,8
primary,paired_position,29,projected_vs_a1,24,18,,,,,,16,17,-1,0.8888888888888888,0.9444444444444444,1,2,15,0,15
primary,paired_position,30,projected_vs_a1,24,18,,,,,,8,17,-9,0.4444444444444444,0.9444444444444444,0,9,8,1,9
primary,paired_position,31,projected_vs_a1,24,18,,,,,,13,18,-5,0.7222222222222222,1.0,0,5,13,0,13
primary,paired_position,32,projected_vs_a1,24,18,,,,,,10,16,-6,0.5555555555555556,0.8888888888888888,0,6,10,2,12
primary,paired_position,33,projected_vs_a1,24,18,,,,,,11,16,-5,0.6111111111111112,0.8888888888888888,2,7,9,0,9
primary,paired_position,34,projected_vs_a1,24,18,,,,,,13,16,-3,0.7222222222222222,0.8888888888888888,2,5,11,0,11
primary,paired_position,35,projected_vs_a1,24,18,,,,,,13,18,-5,0.7222222222222222,1.0,0,5,13,0,13
primary,paired_position,36,projected_vs_a1,24,18,,,,,,10,16,-6,0.5555555555555556,0.8888888888888888,2,8,8,0,8
primary,paired_position,37,projected_vs_a1,24,18,,,,,,9,17,-8,0.5,0.9444444444444444,0,8,9,1,10
primary,paired_position,38,projected_vs_a1,24,18,,,,,,13,14,-1,0.7222222222222222,0.7777777777777778,3,4,10,1,11
primary,paired_position,39,projected_vs_a1,24,18,,,,,,7,15,-8,0.3888888888888889,0.8333333333333334,1,9,6,2,8
primary,paired_position,40,projected_vs_a1,24,12,,,,,,8,11,-3,0.6666666666666666,0.9166666666666666,1,4,7,0,7
primary,paired_position,41,projected_vs_a1,24,12,,,,,,7,12,-5,0.5833333333333334,1.0,0,5,7,0,7
primary,paired_position,42,projected_vs_a1,24,12,,,,,,9,11,-2,0.75,0.9166666666666666,1,3,8,0,8
primary,paired_position,43,projected_vs_a1,24,12,,,,,,6,11,-5,0.5,0.9166666666666666,0,5,6,1,7
primary,paired_position,44,projected_vs_a1,24,12,,,,,,7,11,-4,0.5833333333333334,0.9166666666666666,0,4,7,1,8
primary,paired_position,45,projected_vs_a1,24,12,,,,,,6,11,-5,0.5,0.9166666666666666,0,5,6,1,7
primary,paired_position,46,projected_vs_a1,24,12,,,,,,7,10,-3,0.5833333333333334,0.8333333333333334,1,4,6,1,7
primary,paired_position,47,projected_vs_a1,24,12,,,,,,6,9,-3,0.5,0.75,2,5,4,1,5
primary,paired_position,48,projected_vs_a1,24,12,,,,,,10,11,-1,0.8333333333333334,0.9166666666666666,1,2,9,0,9
primary,paired_position,49,projected_vs_a1,24,12,,,,,,7,10,-3,0.5833333333333334,0.8333333333333334,2,5,5,0,5
primary,paired_position,50,projected_vs_a1,24,12,,,,,,7,10,-3,0.5833333333333334,0.8333333333333334,1,4,6,1,7
primary,paired_position,51,projected_vs_a1,24,12,,,,,,11,12,-1,0.9166666666666666,1.0,0,1,11,0,11
primary,paired_position,52,projected_vs_a1,24,12,,,,,,7,11,-4,0.5833333333333334,0.9166666666666666,1,5,6,0,6
primary,paired_position,53,projected_vs_a1,24,12,,,,,,5,10,-5,0.4166666666666667,0.8333333333333334,0,5,5,2,7
primary,paired_position,54,projected_vs_a1,24,12,,,,,,8,12,-4,0.6666666666666666,1.0,0,4,8,0,8
primary,paired_position,55,projected_vs_a1,24,12,,,,,,8,10,-2,0.6666666666666666,0.8333333333333334,1,3,7,1,8
primary,paired_position,56,projected_vs_a1,24,12,,,,,,9,8,1,0.75,0.6666666666666666,2,1,7,2,9
primary,paired_position,57,projected_vs_a1,24,12,,,,,,8,11,-3,0.6666666666666666,0.9166666666666666,0,3,8,1,9
primary,paired_position,58,projected_vs_a1,24,12,,,,,,10,11,-1,0.8333333333333334,0.9166666666666666,1,2,9,0,9
primary,paired_position,59,projected_vs_a1,24,12,,,,,,3,12,-9,0.25,1.0,0,9,3,0,3
primary,paired_position,60,projected_vs_a1,24,12,,,,,,8,11,-3,0.6666666666666666,0.9166666666666666,1,4,7,0,7
primary,paired_position,61,projected_vs_a1,24,12,,,,,,8,10,-2,0.6666666666666666,0.8333333333333334,2,4,6,0,6
primary,paired_position,62,projected_vs_a1,24,12,,,,,,8,12,-4,0.6666666666666666,1.0,0,4,8,0,8
primary,paired_position,63,projected_vs_a1,24,12,,,,,,9,12,-3,0.75,1.0,0,3,9,0,9
primary,paired_position,64,projected_vs_a1,24,12,,,,,,8,11,-3,0.6666666666666666,0.9166666666666666,0,3,8,1,9
primary,paired_position,65,projected_vs_a1,24,6,,,,,,4,5,-1,0.6666666666666666,0.8333333333333334,1,2,3,0,3
primary,paired_position,66,projected_vs_a1,24,6,,,,,,2,6,-4,0.3333333333333333,1.0,0,4,2,0,2
primary,paired_position,67,projected_vs_a1,24,6,,,,,,3,6,-3,0.5,1.0,0,3,3,0,3
primary,paired_position,68,projected_vs_a1,24,6,,,,,,3,4,-1,0.5,0.6666666666666666,1,2,2,1,3
primary,paired_position,69,projected_vs_a1,24,6,,,,,,6,5,1,1.0,0.8333333333333334,1,0,5,0,5
primary,paired_position,70,projected_vs_a1,24,6,,,,,,4,5,-1,0.6666666666666666,0.8333333333333334,1,2,3,0,3
primary,paired_position,71,projected_vs_a1,24,6,,,,,,5,5,0,0.8333333333333334,0.8333333333333334,1,1,4,0,4
primary,paired_position,72,projected_vs_a1,24,6,,,,,,4,5,-1,0.6666666666666666,0.8333333333333334,0,1,4,1,5
primary,paired_position,73,projected_vs_a1,24,6,,,,,,3,5,-2,0.5,0.8333333333333334,1,3,2,0,2
primary,paired_position,74,projected_vs_a1,24,6,,,,,,5,5,0,0.8333333333333334,0.8333333333333334,1,1,4,0,4
primary,paired_position,75,projected_vs_a1,24,6,,,,,,3,5,-2,0.5,0.8333333333333334,1,3,2,0,2
primary,paired_position,76,projected_vs_a1,24,6,,,,,,5,5,0,0.8333333333333334,0.8333333333333334,1,1,4,0,4
primary,paired_position,77,projected_vs_a1,24,6,,,,,,3,6,-3,0.5,1.0,0,3,3,0,3
primary,paired_position,78,projected_vs_a1,24,6,,,,,,3,4,-1,0.5,0.6666666666666666,0,1,3,2,5
primary,paired_position,79,projected_vs_a1,24,6,,,,,,3,4,-1,0.5,0.6666666666666666,2,3,1,0,1
primary,paired_position,80,projected_vs_a1,24,6,,,,,,6,5,1,1.0,0.8333333333333334,1,0,5,0,5
primary,paired_position,81,projected_vs_a1,24,6,,,,,,4,6,-2,0.6666666666666666,1.0,0,2,4,0,4
primary,paired_position,82,projected_vs_a1,24,6,,,,,,3,6,-3,0.5,1.0,0,3,3,0,3
primary,paired_position,83,projected_vs_a1,24,6,,,,,,5,4,1,0.8333333333333334,0.6666666666666666,1,0,4,1,5
primary,paired_position,84,projected_vs_a1,24,6,,,,,,4,6,-2,0.6666666666666666,1.0,0,2,4,0,4
primary,paired_position,85,projected_vs_a1,24,6,,,,,,3,5,-2,0.5,0.8333333333333334,1,3,2,0,2
primary,paired_position,86,projected_vs_a1,24,6,,,,,,3,5,-2,0.5,0.8333333333333334,0,2,3,1,4
primary,paired_position,87,projected_vs_a1,24,6,,,,,,4,5,-1,0.6666666666666666,0.8333333333333334,1,2,3,0,3
primary,paired_position,88,projected_vs_a1,24,6,,,,,,2,5,-3,0.3333333333333333,0.8333333333333334,0,3,2,1,3
primary,paired_position,89,projected_vs_a1,24,6,,,,,,4,6,-2,0.6666666666666666,1.0,0,2,4,0,4
primary,paired_position,90,projected_vs_a1,24,6,,,,,,4,5,-1,0.6666666666666666,0.8333333333333334,1,2,3,0,3
primary,paired_position,91,projected_vs_a1,24,6,,,,,,2,5,-3,0.3333333333333333,0.8333333333333334,0,3,2,1,3
primary,paired_position,92,projected_vs_a1,24,6,,,,,,4,4,0,0.6666666666666666,0.6666666666666666,1,1,3,1,4
primary,paired_position,93,projected_vs_a1,24,6,,,,,,3,3,0,0.5,0.5,1,1,2,2,4
primary,paired_position,94,projected_vs_a1,24,6,,,,,,2,4,-2,0.3333333333333333,0.6666666666666666,0,2,2,2,4
primary,paired_position,95,projected_vs_a1,24,6,,,,,,4,6,-2,0.6666666666666666,1.0,0,2,4,0,4
primary,paired_position,96,projected_vs_a1,24,6,,,,,,3,6,-3,0.5,1.0,0,3,3,0,3
primary,paired_position,97,projected_vs_a1,24,6,,,,,,2,6,-4,0.3333333333333333,1.0,0,4,2,0,2
primary,paired_position,98,projected_vs_a1,24,6,,,,,,4,4,0,0.6666666666666666,0.6666666666666666,1,1,3,1,4
primary,paired_position,99,projected_vs_a1,24,6,,,,,,5,5,0,0.8333333333333334,0.8333333333333334,1,1,4,0,4
primary,paired_position,100,projected_vs_a1,24,6,,,,,,5,4,1,0.8333333333333334,0.6666666666666666,2,1,3,0,3
primary,paired_position,101,projected_vs_a1,24,6,,,,,,2,4,-2,0.3333333333333333,0.6666666666666666,1,3,1,1,2
primary,paired_position,102,projected_vs_a1,24,6,,,,,,5,5,0,0.8333333333333334,0.8333333333333334,1,1,4,0,4
primary,paired_position,103,projected_vs_a1,24,6,,,,,,4,5,-1,0.6666666666666666,0.8333333333333334,1,2,3,0,3
primary,paired_position,104,projected_vs_a1,24,6,,,,,,1,4,-3,0.16666666666666666,0.6666666666666666,0,3,1,2,3
primary,paired_position,105,projected_vs_a1,24,6,,,,,,5,5,0,0.8333333333333334,0.8333333333333334,0,0,5,1,6
primary,paired_position,106,projected_vs_a1,24,6,,,,,,4,6,-2,0.6666666666666666,1.0,0,2,4,0,4
primary,paired_position,107,projected_vs_a1,24,6,,,,,,4,6,-2,0.6666666666666666,1.0,0,2,4,0,4
primary,paired_position,108,projected_vs_a1,24,6,,,,,,4,6,-2,0.6666666666666666,1.0,0,2,4,0,4
primary,paired_position,109,projected_vs_a1,24,6,,,,,,4,5,-1,0.6666666666666666,0.8333333333333334,1,2,3,0,3
primary,paired_position,110,projected_vs_a1,24,6,,,,,,4,5,-1,0.6666666666666666,0.8333333333333334,1,2,3,0,3
primary,paired_position,111,projected_vs_a1,24,6,,,,,,3,5,-2,0.5,0.8333333333333334,1,3,2,0,2
primary,paired_position,112,projected_vs_a1,24,6,,,,,,4,4,0,0.6666666666666666,0.6666666666666666,2,2,2,0,2
primary,paired_position,113,projected_vs_a1,24,6,,,,,,4,5,-1,0.6666666666666666,0.8333333333333334,1,2,3,0,3
primary,paired_position,114,projected_vs_a1,24,6,,,,,,3,6,-3,0.5,1.0,0,3,3,0,3
primary,paired_position,115,projected_vs_a1,24,6,,,,,,5,5,0,0.8333333333333334,0.8333333333333334,1,1,4,0,4
primary,paired_position,116,projected_vs_a1,24,6,,,,,,4,4,0,0.6666666666666666,0.6666666666666666,1,1,3,1,4
primary,paired_position,117,projected_vs_a1,24,6,,,,,,4,5,-1,0.6666666666666666,0.8333333333333334,1,2,3,0,3
primary,paired_position,118,projected_vs_a1,24,6,,,,,,5,4,1,0.8333333333333334,0.6666666666666666,1,0,4,1,5
primary,paired_position,119,projected_vs_a1,24,6,,,,,,5,5,0,0.8333333333333334,0.8333333333333334,0,0,5,1,6
primary,paired_position,120,projected_vs_a1,24,6,,,,,,3,5,-2,0.5,0.8333333333333334,1,3,2,0,2
primary,paired_position,121,projected_vs_a1,24,6,,,,,,4,5,-1,0.6666666666666666,0.8333333333333334,1,2,3,0,3
primary,paired_position,122,projected_vs_a1,24,6,,,,,,5,5,0,0.8333333333333334,0.8333333333333334,1,1,4,0,4
primary,paired_position,123,projected_vs_a1,24,6,,,,,,4,6,-2,0.6666666666666666,1.0,0,2,4,0,4
primary,paired_position,124,projected_vs_a1,24,6,,,,,,5,6,-1,0.8333333333333334,1.0,0,1,5,0,5
primary,paired_position,125,projected_vs_a1,24,6,,,,,,3,4,-1,0.5,0.6666666666666666,1,2,2,1,3
primary,paired_position,126,projected_vs_a1,24,6,,,,,,5,5,0,0.8333333333333334,0.8333333333333334,1,1,4,0,4
primary,paired_position,127,projected_vs_a1,24,6,,,,,,4,5,-1,0.6666666666666666,0.8333333333333334,0,1,4,1,5
primary,paired_position,128,projected_vs_a1,24,6,,,,,,3,4,-1,0.5,0.6666666666666666,1,2,2,1,3
paired_1,overall,overall,raw_boundary.cosine,24,1482,479,0.3232118758434548,0,0.0,0,,,,,,,,,,
paired_1,length,16,raw_boundary.cosine,6,96,28,0.2916666666666667,0,0.0,0,,,,,,,,,,
paired_1,length,39,raw_boundary.cosine,6,234,77,0.32905982905982906,0,0.0,0,,,,,,,,,,
paired_1,length,64,raw_boundary.cosine,6,384,109,0.2838541666666667,0,0.0,0,,,,,,,,,,
paired_1,length,128,raw_boundary.cosine,6,768,265,0.3450520833333333,0,0.0,0,,,,,,,,,,
paired_1,position_bin,1-16,raw_boundary.cosine,24,384,114,0.296875,,,0,,,,,,,,,,
paired_1,position_bin,17-32,raw_boundary.cosine,24,288,97,0.3368055555555556,,,0,,,,,,,,,,
paired_1,position_bin,33-64,raw_boundary.cosine,24,426,140,0.3286384976525822,,,0,,,,,,,,,,
paired_1,position_bin,65-96,raw_boundary.cosine,24,192,54,0.28125,,,0,,,,,,,,,,
paired_1,position_bin,97-128,raw_boundary.cosine,24,192,74,0.3854166666666667,,,0,,,,,,,,,,
paired_1,position,1,raw_boundary.cosine,24,24,24,1.0,,,0,,,,,,,,,,
paired_1,position,2,raw_boundary.cosine,24,24,0,0.0,,,0,,,,,,,,,,
paired_1,position,3,raw_boundary.cosine,24,24,6,0.25,,,0,,,,,,,,,,
paired_1,position,4,raw_boundary.cosine,24,24,9,0.375,,,0,,,,,,,,,,
paired_1,position,5,raw_boundary.cosine,24,24,4,0.16666666666666666,,,0,,,,,,,,,,
paired_1,position,6,raw_boundary.cosine,24,24,4,0.16666666666666666,,,0,,,,,,,,,,
paired_1,position,7,raw_boundary.cosine,24,24,4,0.16666666666666666,,,0,,,,,,,,,,
paired_1,position,8,raw_boundary.cosine,24,24,4,0.16666666666666666,,,0,,,,,,,,,,
paired_1,position,9,raw_boundary.cosine,24,24,6,0.25,,,0,,,,,,,,,,
paired_1,position,10,raw_boundary.cosine,24,24,7,0.2916666666666667,,,0,,,,,,,,,,
paired_1,position,11,raw_boundary.cosine,24,24,6,0.25,,,0,,,,,,,,,,
paired_1,position,12,raw_boundary.cosine,24,24,5,0.20833333333333334,,,0,,,,,,,,,,
paired_1,position,13,raw_boundary.cosine,24,24,9,0.375,,,0,,,,,,,,,,
paired_1,position,14,raw_boundary.cosine,24,24,6,0.25,,,0,,,,,,,,,,
paired_1,position,15,raw_boundary.cosine,24,24,10,0.4166666666666667,,,0,,,,,,,,,,
paired_1,position,16,raw_boundary.cosine,24,24,10,0.4166666666666667,,,0,,,,,,,,,,
paired_1,position,17,raw_boundary.cosine,24,18,6,0.3333333333333333,,,0,,,,,,,,,,
paired_1,position,18,raw_boundary.cosine,24,18,4,0.2222222222222222,,,0,,,,,,,,,,
paired_1,position,19,raw_boundary.cosine,24,18,6,0.3333333333333333,,,0,,,,,,,,,,
paired_1,position,20,raw_boundary.cosine,24,18,6,0.3333333333333333,,,0,,,,,,,,,,
paired_1,position,21,raw_boundary.cosine,24,18,8,0.4444444444444444,,,0,,,,,,,,,,
paired_1,position,22,raw_boundary.cosine,24,18,3,0.16666666666666666,,,0,,,,,,,,,,
paired_1,position,23,raw_boundary.cosine,24,18,9,0.5,,,0,,,,,,,,,,
paired_1,position,24,raw_boundary.cosine,24,18,6,0.3333333333333333,,,0,,,,,,,,,,
paired_1,position,25,raw_boundary.cosine,24,18,8,0.4444444444444444,,,0,,,,,,,,,,
paired_1,position,26,raw_boundary.cosine,24,18,4,0.2222222222222222,,,0,,,,,,,,,,
paired_1,position,27,raw_boundary.cosine,24,18,6,0.3333333333333333,,,0,,,,,,,,,,
paired_1,position,28,raw_boundary.cosine,24,18,5,0.2777777777777778,,,0,,,,,,,,,,
paired_1,position,29,raw_boundary.cosine,24,18,12,0.6666666666666666,,,0,,,,,,,,,,
paired_1,position,30,raw_boundary.cosine,24,18,6,0.3333333333333333,,,0,,,,,,,,,,
paired_1,position,31,raw_boundary.cosine,24,18,5,0.2777777777777778,,,0,,,,,,,,,,
paired_1,position,32,raw_boundary.cosine,24,18,3,0.16666666666666666,,,0,,,,,,,,,,
paired_1,position,33,raw_boundary.cosine,24,18,8,0.4444444444444444,,,0,,,,,,,,,,
paired_1,position,34,raw_boundary.cosine,24,18,7,0.3888888888888889,,,0,,,,,,,,,,
paired_1,position,35,raw_boundary.cosine,24,18,5,0.2777777777777778,,,0,,,,,,,,,,
paired_1,position,36,raw_boundary.cosine,24,18,4,0.2222222222222222,,,0,,,,,,,,,,
paired_1,position,37,raw_boundary.cosine,24,18,5,0.2777777777777778,,,0,,,,,,,,,,
paired_1,position,38,raw_boundary.cosine,24,18,7,0.3888888888888889,,,0,,,,,,,,,,
paired_1,position,39,raw_boundary.cosine,24,18,5,0.2777777777777778,,,0,,,,,,,,,,
paired_1,position,40,raw_boundary.cosine,24,12,3,0.25,,,0,,,,,,,,,,
paired_1,position,41,raw_boundary.cosine,24,12,5,0.4166666666666667,,,0,,,,,,,,,,
paired_1,position,42,raw_boundary.cosine,24,12,4,0.3333333333333333,,,0,,,,,,,,,,
paired_1,position,43,raw_boundary.cosine,24,12,3,0.25,,,0,,,,,,,,,,
paired_1,position,44,raw_boundary.cosine,24,12,3,0.25,,,0,,,,,,,,,,
paired_1,position,45,raw_boundary.cosine,24,12,5,0.4166666666666667,,,0,,,,,,,,,,
paired_1,position,46,raw_boundary.cosine,24,12,4,0.3333333333333333,,,0,,,,,,,,,,
paired_1,position,47,raw_boundary.cosine,24,12,5,0.4166666666666667,,,0,,,,,,,,,,
paired_1,position,48,raw_boundary.cosine,24,12,3,0.25,,,0,,,,,,,,,,
paired_1,position,49,raw_boundary.cosine,24,12,5,0.4166666666666667,,,0,,,,,,,,,,
paired_1,position,50,raw_boundary.cosine,24,12,2,0.16666666666666666,,,0,,,,,,,,,,
paired_1,position,51,raw_boundary.cosine,24,12,6,0.5,,,0,,,,,,,,,,
paired_1,position,52,raw_boundary.cosine,24,12,7,0.5833333333333334,,,0,,,,,,,,,,
paired_1,position,53,raw_boundary.cosine,24,12,4,0.3333333333333333,,,0,,,,,,,,,,
paired_1,position,54,raw_boundary.cosine,24,12,4,0.3333333333333333,,,0,,,,,,,,,,
paired_1,position,55,raw_boundary.cosine,24,12,5,0.4166666666666667,,,0,,,,,,,,,,
paired_1,position,56,raw_boundary.cosine,24,12,5,0.4166666666666667,,,0,,,,,,,,,,
paired_1,position,57,raw_boundary.cosine,24,12,5,0.4166666666666667,,,0,,,,,,,,,,
paired_1,position,58,raw_boundary.cosine,24,12,6,0.5,,,0,,,,,,,,,,
paired_1,position,59,raw_boundary.cosine,24,12,1,0.08333333333333333,,,0,,,,,,,,,,
paired_1,position,60,raw_boundary.cosine,24,12,4,0.3333333333333333,,,0,,,,,,,,,,
paired_1,position,61,raw_boundary.cosine,24,12,2,0.16666666666666666,,,0,,,,,,,,,,
paired_1,position,62,raw_boundary.cosine,24,12,4,0.3333333333333333,,,0,,,,,,,,,,
paired_1,position,63,raw_boundary.cosine,24,12,1,0.08333333333333333,,,0,,,,,,,,,,
paired_1,position,64,raw_boundary.cosine,24,12,3,0.25,,,0,,,,,,,,,,
paired_1,position,65,raw_boundary.cosine,24,6,2,0.3333333333333333,,,0,,,,,,,,,,
paired_1,position,66,raw_boundary.cosine,24,6,0,0.0,,,0,,,,,,,,,,
paired_1,position,67,raw_boundary.cosine,24,6,2,0.3333333333333333,,,0,,,,,,,,,,
paired_1,position,68,raw_boundary.cosine,24,6,1,0.16666666666666666,,,0,,,,,,,,,,
paired_1,position,69,raw_boundary.cosine,24,6,4,0.6666666666666666,,,0,,,,,,,,,,
paired_1,position,70,raw_boundary.cosine,24,6,0,0.0,,,0,,,,,,,,,,
paired_1,position,71,raw_boundary.cosine,24,6,2,0.3333333333333333,,,0,,,,,,,,,,
paired_1,position,72,raw_boundary.cosine,24,6,2,0.3333333333333333,,,0,,,,,,,,,,
paired_1,position,73,raw_boundary.cosine,24,6,2,0.3333333333333333,,,0,,,,,,,,,,
paired_1,position,74,raw_boundary.cosine,24,6,3,0.5,,,0,,,,,,,,,,
paired_1,position,75,raw_boundary.cosine,24,6,1,0.16666666666666666,,,0,,,,,,,,,,
paired_1,position,76,raw_boundary.cosine,24,6,2,0.3333333333333333,,,0,,,,,,,,,,
paired_1,position,77,raw_boundary.cosine,24,6,1,0.16666666666666666,,,0,,,,,,,,,,
paired_1,position,78,raw_boundary.cosine,24,6,2,0.3333333333333333,,,0,,,,,,,,,,
paired_1,position,79,raw_boundary.cosine,24,6,1,0.16666666666666666,,,0,,,,,,,,,,
paired_1,position,80,raw_boundary.cosine,24,6,2,0.3333333333333333,,,0,,,,,,,,,,
paired_1,position,81,raw_boundary.cosine,24,6,4,0.6666666666666666,,,0,,,,,,,,,,
paired_1,position,82,raw_boundary.cosine,24,6,2,0.3333333333333333,,,0,,,,,,,,,,
paired_1,position,83,raw_boundary.cosine,24,6,2,0.3333333333333333,,,0,,,,,,,,,,
paired_1,position,84,raw_boundary.cosine,24,6,1,0.16666666666666666,,,0,,,,,,,,,,
paired_1,position,85,raw_boundary.cosine,24,6,0,0.0,,,0,,,,,,,,,,
paired_1,position,86,raw_boundary.cosine,24,6,1,0.16666666666666666,,,0,,,,,,,,,,
paired_1,position,87,raw_boundary.cosine,24,6,0,0.0,,,0,,,,,,,,,,
paired_1,position,88,raw_boundary.cosine,24,6,2,0.3333333333333333,,,0,,,,,,,,,,
paired_1,position,89,raw_boundary.cosine,24,6,2,0.3333333333333333,,,0,,,,,,,,,,
paired_1,position,90,raw_boundary.cosine,24,6,2,0.3333333333333333,,,0,,,,,,,,,,
paired_1,position,91,raw_boundary.cosine,24,6,1,0.16666666666666666,,,0,,,,,,,,,,
paired_1,position,92,raw_boundary.cosine,24,6,2,0.3333333333333333,,,0,,,,,,,,,,
paired_1,position,93,raw_boundary.cosine,24,6,1,0.16666666666666666,,,0,,,,,,,,,,
paired_1,position,94,raw_boundary.cosine,24,6,2,0.3333333333333333,,,0,,,,,,,,,,
paired_1,position,95,raw_boundary.cosine,24,6,4,0.6666666666666666,,,0,,,,,,,,,,
paired_1,position,96,raw_boundary.cosine,24,6,1,0.16666666666666666,,,0,,,,,,,,,,
paired_1,position,97,raw_boundary.cosine,24,6,0,0.0,,,0,,,,,,,,,,
paired_1,position,98,raw_boundary.cosine,24,6,3,0.5,,,0,,,,,,,,,,
paired_1,position,99,raw_boundary.cosine,24,6,4,0.6666666666666666,,,0,,,,,,,,,,
paired_1,position,100,raw_boundary.cosine,24,6,1,0.16666666666666666,,,0,,,,,,,,,,
paired_1,position,101,raw_boundary.cosine,24,6,1,0.16666666666666666,,,0,,,,,,,,,,
paired_1,position,102,raw_boundary.cosine,24,6,2,0.3333333333333333,,,0,,,,,,,,,,
paired_1,position,103,raw_boundary.cosine,24,6,2,0.3333333333333333,,,0,,,,,,,,,,
paired_1,position,104,raw_boundary.cosine,24,6,1,0.16666666666666666,,,0,,,,,,,,,,
paired_1,position,105,raw_boundary.cosine,24,6,2,0.3333333333333333,,,0,,,,,,,,,,
paired_1,position,106,raw_boundary.cosine,24,6,3,0.5,,,0,,,,,,,,,,
paired_1,position,107,raw_boundary.cosine,24,6,2,0.3333333333333333,,,0,,,,,,,,,,
paired_1,position,108,raw_boundary.cosine,24,6,3,0.5,,,0,,,,,,,,,,
paired_1,position,109,raw_boundary.cosine,24,6,3,0.5,,,0,,,,,,,,,,
paired_1,position,110,raw_boundary.cosine,24,6,2,0.3333333333333333,,,0,,,,,,,,,,
paired_1,position,111,raw_boundary.cosine,24,6,2,0.3333333333333333,,,0,,,,,,,,,,
paired_1,position,112,raw_boundary.cosine,24,6,3,0.5,,,0,,,,,,,,,,
paired_1,position,113,raw_boundary.cosine,24,6,3,0.5,,,0,,,,,,,,,,
paired_1,position,114,raw_boundary.cosine,24,6,0,0.0,,,0,,,,,,,,,,
paired_1,position,115,raw_boundary.cosine,24,6,2,0.3333333333333333,,,0,,,,,,,,,,
paired_1,position,116,raw_boundary.cosine,24,6,3,0.5,,,0,,,,,,,,,,
paired_1,position,117,raw_boundary.cosine,24,6,3,0.5,,,0,,,,,,,,,,
paired_1,position,118,raw_boundary.cosine,24,6,3,0.5,,,0,,,,,,,,,,
paired_1,position,119,raw_boundary.cosine,24,6,4,0.6666666666666666,,,0,,,,,,,,,,
paired_1,position,120,raw_boundary.cosine,24,6,3,0.5,,,0,,,,,,,,,,
paired_1,position,121,raw_boundary.cosine,24,6,3,0.5,,,0,,,,,,,,,,
paired_1,position,122,raw_boundary.cosine,24,6,3,0.5,,,0,,,,,,,,,,
paired_1,position,123,raw_boundary.cosine,24,6,2,0.3333333333333333,,,0,,,,,,,,,,
paired_1,position,124,raw_boundary.cosine,24,6,3,0.5,,,0,,,,,,,,,,
paired_1,position,125,raw_boundary.cosine,24,6,2,0.3333333333333333,,,0,,,,,,,,,,
paired_1,position,126,raw_boundary.cosine,24,6,3,0.5,,,0,,,,,,,,,,
paired_1,position,127,raw_boundary.cosine,24,6,1,0.16666666666666666,,,0,,,,,,,,,,
paired_1,position,128,raw_boundary.cosine,24,6,2,0.3333333333333333,,,0,,,,,,,,,,
paired_1,style,coding,raw_boundary.cosine,8,494,129,0.2611336032388664,0,0.0,0,,,,,,,,,,
paired_1,style,creative_generation,raw_boundary.cosine,8,494,182,0.3684210526315789,0,0.0,0,,,,,,,,,,
paired_1,style,question_answer,raw_boundary.cosine,8,494,168,0.340080971659919,0,0.0,0,,,,,,,,,,
paired_1,overall,overall,projected_boundary.cosine,24,1482,922,0.6221322537112011,0,0.0,0,,,,,,,,,,
paired_1,length,16,projected_boundary.cosine,6,96,58,0.6041666666666666,0,0.0,0,,,,,,,,,,
paired_1,length,39,projected_boundary.cosine,6,234,147,0.6282051282051282,0,0.0,0,,,,,,,,,,
paired_1,length,64,projected_boundary.cosine,6,384,238,0.6197916666666666,0,0.0,0,,,,,,,,,,
paired_1,length,128,projected_boundary.cosine,6,768,479,0.6236979166666666,0,0.0,0,,,,,,,,,,
paired_1,position_bin,1-16,projected_boundary.cosine,24,384,237,0.6171875,,,0,,,,,,,,,,
paired_1,position_bin,17-32,projected_boundary.cosine,24,288,179,0.6215277777777778,,,0,,,,,,,,,,
paired_1,position_bin,33-64,projected_boundary.cosine,24,426,265,0.6220657276995305,,,0,,,,,,,,,,
paired_1,position_bin,65-96,projected_boundary.cosine,24,192,115,0.5989583333333334,,,0,,,,,,,,,,
paired_1,position_bin,97-128,projected_boundary.cosine,24,192,126,0.65625,,,0,,,,,,,,,,
paired_1,position,1,projected_boundary.cosine,24,24,24,1.0,,,0,,,,,,,,,,
paired_1,position,2,projected_boundary.cosine,24,24,7,0.2916666666666667,,,0,,,,,,,,,,
paired_1,position,3,projected_boundary.cosine,24,24,11,0.4583333333333333,,,0,,,,,,,,,,
paired_1,position,4,projected_boundary.cosine,24,24,15,0.625,,,0,,,,,,,,,,
paired_1,position,5,projected_boundary.cosine,24,24,17,0.7083333333333334,,,0,,,,,,,,,,
paired_1,position,6,projected_boundary.cosine,24,24,13,0.5416666666666666,,,0,,,,,,,,,,
paired_1,position,7,projected_boundary.cosine,24,24,18,0.75,,,0,,,,,,,,,,
paired_1,position,8,projected_boundary.cosine,24,24,13,0.5416666666666666,,,0,,,,,,,,,,
paired_1,position,9,projected_boundary.cosine,24,24,16,0.6666666666666666,,,0,,,,,,,,,,
paired_1,position,10,projected_boundary.cosine,24,24,13,0.5416666666666666,,,0,,,,,,,,,,
paired_1,position,11,projected_boundary.cosine,24,24,15,0.625,,,0,,,,,,,,,,
paired_1,position,12,projected_boundary.cosine,24,24,13,0.5416666666666666,,,0,,,,,,,,,,
paired_1,position,13,projected_boundary.cosine,24,24,19,0.7916666666666666,,,0,,,,,,,,,,
paired_1,position,14,projected_boundary.cosine,24,24,11,0.4583333333333333,,,0,,,,,,,,,,
paired_1,position,15,projected_boundary.cosine,24,24,16,0.6666666666666666,,,0,,,,,,,,,,
paired_1,position,16,projected_boundary.cosine,24,24,16,0.6666666666666666,,,0,,,,,,,,,,
paired_1,position,17,projected_boundary.cosine,24,18,10,0.5555555555555556,,,0,,,,,,,,,,
paired_1,position,18,projected_boundary.cosine,24,18,12,0.6666666666666666,,,0,,,,,,,,,,
paired_1,position,19,projected_boundary.cosine,24,18,10,0.5555555555555556,,,0,,,,,,,,,,
paired_1,position,20,projected_boundary.cosine,24,18,10,0.5555555555555556,,,0,,,,,,,,,,
paired_1,position,21,projected_boundary.cosine,24,18,11,0.6111111111111112,,,0,,,,,,,,,,
paired_1,position,22,projected_boundary.cosine,24,18,11,0.6111111111111112,,,0,,,,,,,,,,
paired_1,position,23,projected_boundary.cosine,24,18,12,0.6666666666666666,,,0,,,,,,,,,,
paired_1,position,24,projected_boundary.cosine,24,18,11,0.6111111111111112,,,0,,,,,,,,,,
paired_1,position,25,projected_boundary.cosine,24,18,13,0.7222222222222222,,,0,,,,,,,,,,
paired_1,position,26,projected_boundary.cosine,24,18,11,0.6111111111111112,,,0,,,,,,,,,,
paired_1,position,27,projected_boundary.cosine,24,18,11,0.6111111111111112,,,0,,,,,,,,,,
paired_1,position,28,projected_boundary.cosine,24,18,10,0.5555555555555556,,,0,,,,,,,,,,
paired_1,position,29,projected_boundary.cosine,24,18,16,0.8888888888888888,,,0,,,,,,,,,,
paired_1,position,30,projected_boundary.cosine,24,18,8,0.4444444444444444,,,0,,,,,,,,,,
paired_1,position,31,projected_boundary.cosine,24,18,13,0.7222222222222222,,,0,,,,,,,,,,
paired_1,position,32,projected_boundary.cosine,24,18,10,0.5555555555555556,,,0,,,,,,,,,,
paired_1,position,33,projected_boundary.cosine,24,18,11,0.6111111111111112,,,0,,,,,,,,,,
paired_1,position,34,projected_boundary.cosine,24,18,13,0.7222222222222222,,,0,,,,,,,,,,
paired_1,position,35,projected_boundary.cosine,24,18,13,0.7222222222222222,,,0,,,,,,,,,,
paired_1,position,36,projected_boundary.cosine,24,18,11,0.6111111111111112,,,0,,,,,,,,,,
paired_1,position,37,projected_boundary.cosine,24,18,9,0.5,,,0,,,,,,,,,,
paired_1,position,38,projected_boundary.cosine,24,18,13,0.7222222222222222,,,0,,,,,,,,,,
paired_1,position,39,projected_boundary.cosine,24,18,7,0.3888888888888889,,,0,,,,,,,,,,
paired_1,position,40,projected_boundary.cosine,24,12,8,0.6666666666666666,,,0,,,,,,,,,,
paired_1,position,41,projected_boundary.cosine,24,12,7,0.5833333333333334,,,0,,,,,,,,,,
paired_1,position,42,projected_boundary.cosine,24,12,9,0.75,,,0,,,,,,,,,,
paired_1,position,43,projected_boundary.cosine,24,12,6,0.5,,,0,,,,,,,,,,
paired_1,position,44,projected_boundary.cosine,24,12,7,0.5833333333333334,,,0,,,,,,,,,,
paired_1,position,45,projected_boundary.cosine,24,12,6,0.5,,,0,,,,,,,,,,
paired_1,position,46,projected_boundary.cosine,24,12,7,0.5833333333333334,,,0,,,,,,,,,,
paired_1,position,47,projected_boundary.cosine,24,12,6,0.5,,,0,,,,,,,,,,
paired_1,position,48,projected_boundary.cosine,24,12,10,0.8333333333333334,,,0,,,,,,,,,,
paired_1,position,49,projected_boundary.cosine,24,12,7,0.5833333333333334,,,0,,,,,,,,,,
paired_1,position,50,projected_boundary.cosine,24,12,7,0.5833333333333334,,,0,,,,,,,,,,
paired_1,position,51,projected_boundary.cosine,24,12,11,0.9166666666666666,,,0,,,,,,,,,,
paired_1,position,52,projected_boundary.cosine,24,12,7,0.5833333333333334,,,0,,,,,,,,,,
paired_1,position,53,projected_boundary.cosine,24,12,5,0.4166666666666667,,,0,,,,,,,,,,
paired_1,position,54,projected_boundary.cosine,24,12,8,0.6666666666666666,,,0,,,,,,,,,,
paired_1,position,55,projected_boundary.cosine,24,12,8,0.6666666666666666,,,0,,,,,,,,,,
paired_1,position,56,projected_boundary.cosine,24,12,9,0.75,,,0,,,,,,,,,,
paired_1,position,57,projected_boundary.cosine,24,12,8,0.6666666666666666,,,0,,,,,,,,,,
paired_1,position,58,projected_boundary.cosine,24,12,10,0.8333333333333334,,,0,,,,,,,,,,
paired_1,position,59,projected_boundary.cosine,24,12,3,0.25,,,0,,,,,,,,,,
paired_1,position,60,projected_boundary.cosine,24,12,7,0.5833333333333334,,,0,,,,,,,,,,
paired_1,position,61,projected_boundary.cosine,24,12,8,0.6666666666666666,,,0,,,,,,,,,,
paired_1,position,62,projected_boundary.cosine,24,12,7,0.5833333333333334,,,0,,,,,,,,,,
paired_1,position,63,projected_boundary.cosine,24,12,9,0.75,,,0,,,,,,,,,,
paired_1,position,64,projected_boundary.cosine,24,12,8,0.6666666666666666,,,0,,,,,,,,,,
paired_1,position,65,projected_boundary.cosine,24,6,4,0.6666666666666666,,,0,,,,,,,,,,
paired_1,position,66,projected_boundary.cosine,24,6,2,0.3333333333333333,,,0,,,,,,,,,,
paired_1,position,67,projected_boundary.cosine,24,6,3,0.5,,,0,,,,,,,,,,
paired_1,position,68,projected_boundary.cosine,24,6,3,0.5,,,0,,,,,,,,,,
paired_1,position,69,projected_boundary.cosine,24,6,6,1.0,,,0,,,,,,,,,,
paired_1,position,70,projected_boundary.cosine,24,6,4,0.6666666666666666,,,0,,,,,,,,,,
paired_1,position,71,projected_boundary.cosine,24,6,4,0.6666666666666666,,,0,,,,,,,,,,
paired_1,position,72,projected_boundary.cosine,24,6,4,0.6666666666666666,,,0,,,,,,,,,,
paired_1,position,73,projected_boundary.cosine,24,6,3,0.5,,,0,,,,,,,,,,
paired_1,position,74,projected_boundary.cosine,24,6,5,0.8333333333333334,,,0,,,,,,,,,,
paired_1,position,75,projected_boundary.cosine,24,6,3,0.5,,,0,,,,,,,,,,
paired_1,position,76,projected_boundary.cosine,24,6,5,0.8333333333333334,,,0,,,,,,,,,,
paired_1,position,77,projected_boundary.cosine,24,6,3,0.5,,,0,,,,,,,,,,
paired_1,position,78,projected_boundary.cosine,24,6,3,0.5,,,0,,,,,,,,,,
paired_1,position,79,projected_boundary.cosine,24,6,3,0.5,,,0,,,,,,,,,,
paired_1,position,80,projected_boundary.cosine,24,6,6,1.0,,,0,,,,,,,,,,
paired_1,position,81,projected_boundary.cosine,24,6,4,0.6666666666666666,,,0,,,,,,,,,,
paired_1,position,82,projected_boundary.cosine,24,6,3,0.5,,,0,,,,,,,,,,
paired_1,position,83,projected_boundary.cosine,24,6,5,0.8333333333333334,,,0,,,,,,,,,,
paired_1,position,84,projected_boundary.cosine,24,6,4,0.6666666666666666,,,0,,,,,,,,,,
paired_1,position,85,projected_boundary.cosine,24,6,3,0.5,,,0,,,,,,,,,,
paired_1,position,86,projected_boundary.cosine,24,6,3,0.5,,,0,,,,,,,,,,
paired_1,position,87,projected_boundary.cosine,24,6,4,0.6666666666666666,,,0,,,,,,,,,,
paired_1,position,88,projected_boundary.cosine,24,6,2,0.3333333333333333,,,0,,,,,,,,,,
paired_1,position,89,projected_boundary.cosine,24,6,4,0.6666666666666666,,,0,,,,,,,,,,
paired_1,position,90,projected_boundary.cosine,24,6,4,0.6666666666666666,,,0,,,,,,,,,,
paired_1,position,91,projected_boundary.cosine,24,6,2,0.3333333333333333,,,0,,,,,,,,,,
paired_1,position,92,projected_boundary.cosine,24,6,4,0.6666666666666666,,,0,,,,,,,,,,
paired_1,position,93,projected_boundary.cosine,24,6,3,0.5,,,0,,,,,,,,,,
paired_1,position,94,projected_boundary.cosine,24,6,2,0.3333333333333333,,,0,,,,,,,,,,
paired_1,position,95,projected_boundary.cosine,24,6,4,0.6666666666666666,,,0,,,,,,,,,,
paired_1,position,96,projected_boundary.cosine,24,6,3,0.5,,,0,,,,,,,,,,
paired_1,position,97,projected_boundary.cosine,24,6,2,0.3333333333333333,,,0,,,,,,,,,,
paired_1,position,98,projected_boundary.cosine,24,6,4,0.6666666666666666,,,0,,,,,,,,,,
paired_1,position,99,projected_boundary.cosine,24,6,5,0.8333333333333334,,,0,,,,,,,,,,
paired_1,position,100,projected_boundary.cosine,24,6,5,0.8333333333333334,,,0,,,,,,,,,,
paired_1,position,101,projected_boundary.cosine,24,6,2,0.3333333333333333,,,0,,,,,,,,,,
paired_1,position,102,projected_boundary.cosine,24,6,5,0.8333333333333334,,,0,,,,,,,,,,
paired_1,position,103,projected_boundary.cosine,24,6,4,0.6666666666666666,,,0,,,,,,,,,,
paired_1,position,104,projected_boundary.cosine,24,6,1,0.16666666666666666,,,0,,,,,,,,,,
paired_1,position,105,projected_boundary.cosine,24,6,5,0.8333333333333334,,,0,,,,,,,,,,
paired_1,position,106,projected_boundary.cosine,24,6,4,0.6666666666666666,,,0,,,,,,,,,,
paired_1,position,107,projected_boundary.cosine,24,6,4,0.6666666666666666,,,0,,,,,,,,,,
paired_1,position,108,projected_boundary.cosine,24,6,4,0.6666666666666666,,,0,,,,,,,,,,
paired_1,position,109,projected_boundary.cosine,24,6,4,0.6666666666666666,,,0,,,,,,,,,,
paired_1,position,110,projected_boundary.cosine,24,6,4,0.6666666666666666,,,0,,,,,,,,,,
paired_1,position,111,projected_boundary.cosine,24,6,3,0.5,,,0,,,,,,,,,,
paired_1,position,112,projected_boundary.cosine,24,6,3,0.5,,,0,,,,,,,,,,
paired_1,position,113,projected_boundary.cosine,24,6,4,0.6666666666666666,,,0,,,,,,,,,,
paired_1,position,114,projected_boundary.cosine,24,6,3,0.5,,,0,,,,,,,,,,
paired_1,position,115,projected_boundary.cosine,24,6,5,0.8333333333333334,,,0,,,,,,,,,,
paired_1,position,116,projected_boundary.cosine,24,6,4,0.6666666666666666,,,0,,,,,,,,,,
paired_1,position,117,projected_boundary.cosine,24,6,4,0.6666666666666666,,,0,,,,,,,,,,
paired_1,position,118,projected_boundary.cosine,24,6,5,0.8333333333333334,,,0,,,,,,,,,,
paired_1,position,119,projected_boundary.cosine,24,6,5,0.8333333333333334,,,0,,,,,,,,,,
paired_1,position,120,projected_boundary.cosine,24,6,3,0.5,,,0,,,,,,,,,,
paired_1,position,121,projected_boundary.cosine,24,6,4,0.6666666666666666,,,0,,,,,,,,,,
paired_1,position,122,projected_boundary.cosine,24,6,5,0.8333333333333334,,,0,,,,,,,,,,
paired_1,position,123,projected_boundary.cosine,24,6,4,0.6666666666666666,,,0,,,,,,,,,,
paired_1,position,124,projected_boundary.cosine,24,6,5,0.8333333333333334,,,0,,,,,,,,,,
paired_1,position,125,projected_boundary.cosine,24,6,3,0.5,,,0,,,,,,,,,,
paired_1,position,126,projected_boundary.cosine,24,6,5,0.8333333333333334,,,0,,,,,,,,,,
paired_1,position,127,projected_boundary.cosine,24,6,5,0.8333333333333334,,,0,,,,,,,,,,
paired_1,position,128,projected_boundary.cosine,24,6,3,0.5,,,0,,,,,,,,,,
paired_1,style,coding,projected_boundary.cosine,8,494,310,0.6275303643724697,0,0.0,0,,,,,,,,,,
paired_1,style,creative_generation,projected_boundary.cosine,8,494,308,0.6234817813765182,0,0.0,0,,,,,,,,,,
paired_1,style,question_answer,projected_boundary.cosine,8,494,304,0.6153846153846154,0,0.0,0,,,,,,,,,,
paired_1,overall,overall,historical_a1.cosine,24,1482,1333,0.8994601889338731,5,0.20833333333333334,0,,,,,,,,,,
paired_1,length,16,historical_a1.cosine,6,96,93,0.96875,3,0.5,0,,,,,,,,,,
paired_1,length,39,historical_a1.cosine,6,234,213,0.9102564102564102,0,0.0,0,,,,,,,,,,
paired_1,length,64,historical_a1.cosine,6,384,371,0.9661458333333334,2,0.3333333333333333,0,,,,,,,,,,
paired_1,length,128,historical_a1.cosine,6,768,656,0.8541666666666666,0,0.0,0,,,,,,,,,,
paired_1,position_bin,1-16,historical_a1.cosine,24,384,367,0.9557291666666666,,,0,,,,,,,,,,
paired_1,position_bin,17-32,historical_a1.cosine,24,288,264,0.9166666666666666,,,0,,,,,,,,,,
paired_1,position_bin,33-64,historical_a1.cosine,24,426,385,0.903755868544601,,,0,,,,,,,,,,
paired_1,position_bin,65-96,historical_a1.cosine,24,192,161,0.8385416666666666,,,0,,,,,,,,,,
paired_1,position_bin,97-128,historical_a1.cosine,24,192,156,0.8125,,,0,,,,,,,,,,
paired_1,position,1,historical_a1.cosine,24,24,24,1.0,,,0,,,,,,,,,,
paired_1,position,2,historical_a1.cosine,24,24,24,1.0,,,0,,,,,,,,,,
paired_1,position,3,historical_a1.cosine,24,24,24,1.0,,,0,,,,,,,,,,
paired_1,position,4,historical_a1.cosine,24,24,24,1.0,,,0,,,,,,,,,,
paired_1,position,5,historical_a1.cosine,24,24,24,1.0,,,0,,,,,,,,,,
paired_1,position,6,historical_a1.cosine,24,24,23,0.9583333333333334,,,0,,,,,,,,,,
paired_1,position,7,historical_a1.cosine,24,24,22,0.9166666666666666,,,0,,,,,,,,,,
paired_1,position,8,historical_a1.cosine,24,24,23,0.9583333333333334,,,0,,,,,,,,,,
paired_1,position,9,historical_a1.cosine,24,24,22,0.9166666666666666,,,0,,,,,,,,,,
paired_1,position,10,historical_a1.cosine,24,24,23,0.9583333333333334,,,0,,,,,,,,,,
paired_1,position,11,historical_a1.cosine,24,24,21,0.875,,,0,,,,,,,,,,
paired_1,position,12,historical_a1.cosine,24,24,24,1.0,,,0,,,,,,,,,,
paired_1,position,13,historical_a1.cosine,24,24,24,1.0,,,0,,,,,,,,,,
paired_1,position,14,historical_a1.cosine,24,24,23,0.9583333333333334,,,0,,,,,,,,,,
paired_1,position,15,historical_a1.cosine,24,24,20,0.8333333333333334,,,0,,,,,,,,,,
paired_1,position,16,historical_a1.cosine,24,24,22,0.9166666666666666,,,0,,,,,,,,,,
paired_1,position,17,historical_a1.cosine,24,18,14,0.7777777777777778,,,0,,,,,,,,,,
paired_1,position,18,historical_a1.cosine,24,18,16,0.8888888888888888,,,0,,,,,,,,,,
paired_1,position,19,historical_a1.cosine,24,18,16,0.8888888888888888,,,0,,,,,,,,,,
paired_1,position,20,historical_a1.cosine,24,18,17,0.9444444444444444,,,0,,,,,,,,,,
paired_1,position,21,historical_a1.cosine,24,18,18,1.0,,,0,,,,,,,,,,
paired_1,position,22,historical_a1.cosine,24,18,15,0.8333333333333334,,,0,,,,,,,,,,
paired_1,position,23,historical_a1.cosine,24,18,16,0.8888888888888888,,,0,,,,,,,,,,
paired_1,position,24,historical_a1.cosine,24,18,17,0.9444444444444444,,,0,,,,,,,,,,
paired_1,position,25,historical_a1.cosine,24,18,18,1.0,,,0,,,,,,,,,,
paired_1,position,26,historical_a1.cosine,24,18,17,0.9444444444444444,,,0,,,,,,,,,,
paired_1,position,27,historical_a1.cosine,24,18,17,0.9444444444444444,,,0,,,,,,,,,,
paired_1,position,28,historical_a1.cosine,24,18,15,0.8333333333333334,,,0,,,,,,,,,,
paired_1,position,29,historical_a1.cosine,24,18,17,0.9444444444444444,,,0,,,,,,,,,,
paired_1,position,30,historical_a1.cosine,24,18,17,0.9444444444444444,,,0,,,,,,,,,,
paired_1,position,31,historical_a1.cosine,24,18,18,1.0,,,0,,,,,,,,,,
paired_1,position,32,historical_a1.cosine,24,18,16,0.8888888888888888,,,0,,,,,,,,,,
paired_1,position,33,historical_a1.cosine,24,18,16,0.8888888888888888,,,0,,,,,,,,,,
paired_1,position,34,historical_a1.cosine,24,18,16,0.8888888888888888,,,0,,,,,,,,,,
paired_1,position,35,historical_a1.cosine,24,18,18,1.0,,,0,,,,,,,,,,
paired_1,position,36,historical_a1.cosine,24,18,16,0.8888888888888888,,,0,,,,,,,,,,
paired_1,position,37,historical_a1.cosine,24,18,17,0.9444444444444444,,,0,,,,,,,,,,
paired_1,position,38,historical_a1.cosine,24,18,14,0.7777777777777778,,,0,,,,,,,,,,
paired_1,position,39,historical_a1.cosine,24,18,15,0.8333333333333334,,,0,,,,,,,,,,
paired_1,position,40,historical_a1.cosine,24,12,11,0.9166666666666666,,,0,,,,,,,,,,
paired_1,position,41,historical_a1.cosine,24,12,12,1.0,,,0,,,,,,,,,,
paired_1,position,42,historical_a1.cosine,24,12,11,0.9166666666666666,,,0,,,,,,,,,,
paired_1,position,43,historical_a1.cosine,24,12,11,0.9166666666666666,,,0,,,,,,,,,,
paired_1,position,44,historical_a1.cosine,24,12,11,0.9166666666666666,,,0,,,,,,,,,,
paired_1,position,45,historical_a1.cosine,24,12,11,0.9166666666666666,,,0,,,,,,,,,,
paired_1,position,46,historical_a1.cosine,24,12,10,0.8333333333333334,,,0,,,,,,,,,,
paired_1,position,47,historical_a1.cosine,24,12,10,0.8333333333333334,,,0,,,,,,,,,,
paired_1,position,48,historical_a1.cosine,24,12,11,0.9166666666666666,,,0,,,,,,,,,,
paired_1,position,49,historical_a1.cosine,24,12,11,0.9166666666666666,,,0,,,,,,,,,,
paired_1,position,50,historical_a1.cosine,24,12,10,0.8333333333333334,,,0,,,,,,,,,,
paired_1,position,51,historical_a1.cosine,24,12,12,1.0,,,0,,,,,,,,,,
paired_1,position,52,historical_a1.cosine,24,12,11,0.9166666666666666,,,0,,,,,,,,,,
paired_1,position,53,historical_a1.cosine,24,12,10,0.8333333333333334,,,0,,,,,,,,,,
paired_1,position,54,historical_a1.cosine,24,12,12,1.0,,,0,,,,,,,,,,
paired_1,position,55,historical_a1.cosine,24,12,10,0.8333333333333334,,,0,,,,,,,,,,
paired_1,position,56,historical_a1.cosine,24,12,9,0.75,,,0,,,,,,,,,,
paired_1,position,57,historical_a1.cosine,24,12,11,0.9166666666666666,,,0,,,,,,,,,,
paired_1,position,58,historical_a1.cosine,24,12,11,0.9166666666666666,,,0,,,,,,,,,,
paired_1,position,59,historical_a1.cosine,24,12,12,1.0,,,0,,,,,,,,,,
paired_1,position,60,historical_a1.cosine,24,12,11,0.9166666666666666,,,0,,,,,,,,,,
paired_1,position,61,historical_a1.cosine,24,12,10,0.8333333333333334,,,0,,,,,,,,,,
paired_1,position,62,historical_a1.cosine,24,12,12,1.0,,,0,,,,,,,,,,
paired_1,position,63,historical_a1.cosine,24,12,12,1.0,,,0,,,,,,,,,,
paired_1,position,64,historical_a1.cosine,24,12,11,0.9166666666666666,,,0,,,,,,,,,,
paired_1,position,65,historical_a1.cosine,24,6,5,0.8333333333333334,,,0,,,,,,,,,,
paired_1,position,66,historical_a1.cosine,24,6,6,1.0,,,0,,,,,,,,,,
paired_1,position,67,historical_a1.cosine,24,6,6,1.0,,,0,,,,,,,,,,
paired_1,position,68,historical_a1.cosine,24,6,4,0.6666666666666666,,,0,,,,,,,,,,
paired_1,position,69,historical_a1.cosine,24,6,5,0.8333333333333334,,,0,,,,,,,,,,
paired_1,position,70,historical_a1.cosine,24,6,5,0.8333333333333334,,,0,,,,,,,,,,
paired_1,position,71,historical_a1.cosine,24,6,5,0.8333333333333334,,,0,,,,,,,,,,
paired_1,position,72,historical_a1.cosine,24,6,5,0.8333333333333334,,,0,,,,,,,,,,
paired_1,position,73,historical_a1.cosine,24,6,5,0.8333333333333334,,,0,,,,,,,,,,
paired_1,position,74,historical_a1.cosine,24,6,5,0.8333333333333334,,,0,,,,,,,,,,
paired_1,position,75,historical_a1.cosine,24,6,5,0.8333333333333334,,,0,,,,,,,,,,
paired_1,position,76,historical_a1.cosine,24,6,5,0.8333333333333334,,,0,,,,,,,,,,
paired_1,position,77,historical_a1.cosine,24,6,6,1.0,,,0,,,,,,,,,,
paired_1,position,78,historical_a1.cosine,24,6,4,0.6666666666666666,,,0,,,,,,,,,,
paired_1,position,79,historical_a1.cosine,24,6,4,0.6666666666666666,,,0,,,,,,,,,,
paired_1,position,80,historical_a1.cosine,24,6,5,0.8333333333333334,,,0,,,,,,,,,,
paired_1,position,81,historical_a1.cosine,24,6,6,1.0,,,0,,,,,,,,,,
paired_1,position,82,historical_a1.cosine,24,6,6,1.0,,,0,,,,,,,,,,
paired_1,position,83,historical_a1.cosine,24,6,4,0.6666666666666666,,,0,,,,,,,,,,
paired_1,position,84,historical_a1.cosine,24,6,6,1.0,,,0,,,,,,,,,,
paired_1,position,85,historical_a1.cosine,24,6,5,0.8333333333333334,,,0,,,,,,,,,,
paired_1,position,86,historical_a1.cosine,24,6,5,0.8333333333333334,,,0,,,,,,,,,,
paired_1,position,87,historical_a1.cosine,24,6,5,0.8333333333333334,,,0,,,,,,,,,,
paired_1,position,88,historical_a1.cosine,24,6,5,0.8333333333333334,,,0,,,,,,,,,,
paired_1,position,89,historical_a1.cosine,24,6,6,1.0,,,0,,,,,,,,,,
paired_1,position,90,historical_a1.cosine,24,6,5,0.8333333333333334,,,0,,,,,,,,,,
paired_1,position,91,historical_a1.cosine,24,6,5,0.8333333333333334,,,0,,,,,,,,,,
paired_1,position,92,historical_a1.cosine,24,6,4,0.6666666666666666,,,0,,,,,,,,,,
paired_1,position,93,historical_a1.cosine,24,6,3,0.5,,,0,,,,,,,,,,
paired_1,position,94,historical_a1.cosine,24,6,4,0.6666666666666666,,,0,,,,,,,,,,
paired_1,position,95,historical_a1.cosine,24,6,6,1.0,,,0,,,,,,,,,,
paired_1,position,96,historical_a1.cosine,24,6,6,1.0,,,0,,,,,,,,,,
paired_1,position,97,historical_a1.cosine,24,6,6,1.0,,,0,,,,,,,,,,
paired_1,position,98,historical_a1.cosine,24,6,4,0.6666666666666666,,,0,,,,,,,,,,
paired_1,position,99,historical_a1.cosine,24,6,4,0.6666666666666666,,,0,,,,,,,,,,
paired_1,position,100,historical_a1.cosine,24,6,4,0.6666666666666666,,,0,,,,,,,,,,
paired_1,position,101,historical_a1.cosine,24,6,5,0.8333333333333334,,,0,,,,,,,,,,
paired_1,position,102,historical_a1.cosine,24,6,5,0.8333333333333334,,,0,,,,,,,,,,
paired_1,position,103,historical_a1.cosine,24,6,5,0.8333333333333334,,,0,,,,,,,,,,
paired_1,position,104,historical_a1.cosine,24,6,4,0.6666666666666666,,,0,,,,,,,,,,
paired_1,position,105,historical_a1.cosine,24,6,4,0.6666666666666666,,,0,,,,,,,,,,
paired_1,position,106,historical_a1.cosine,24,6,6,1.0,,,0,,,,,,,,,,
paired_1,position,107,historical_a1.cosine,24,6,6,1.0,,,0,,,,,,,,,,
paired_1,position,108,historical_a1.cosine,24,6,6,1.0,,,0,,,,,,,,,,
paired_1,position,109,historical_a1.cosine,24,6,5,0.8333333333333334,,,0,,,,,,,,,,
paired_1,position,110,historical_a1.cosine,24,6,5,0.8333333333333334,,,0,,,,,,,,,,
paired_1,position,111,historical_a1.cosine,24,6,5,0.8333333333333334,,,0,,,,,,,,,,
paired_1,position,112,historical_a1.cosine,24,6,4,0.6666666666666666,,,0,,,,,,,,,,
paired_1,position,113,historical_a1.cosine,24,6,5,0.8333333333333334,,,0,,,,,,,,,,
paired_1,position,114,historical_a1.cosine,24,6,6,1.0,,,0,,,,,,,,,,
paired_1,position,115,historical_a1.cosine,24,6,5,0.8333333333333334,,,0,,,,,,,,,,
paired_1,position,116,historical_a1.cosine,24,6,4,0.6666666666666666,,,0,,,,,,,,,,
paired_1,position,117,historical_a1.cosine,24,6,5,0.8333333333333334,,,0,,,,,,,,,,
paired_1,position,118,historical_a1.cosine,24,6,4,0.6666666666666666,,,0,,,,,,,,,,
paired_1,position,119,historical_a1.cosine,24,6,5,0.8333333333333334,,,0,,,,,,,,,,
paired_1,position,120,historical_a1.cosine,24,6,5,0.8333333333333334,,,0,,,,,,,,,,
paired_1,position,121,historical_a1.cosine,24,6,5,0.8333333333333334,,,0,,,,,,,,,,
paired_1,position,122,historical_a1.cosine,24,6,5,0.8333333333333334,,,0,,,,,,,,,,
paired_1,position,123,historical_a1.cosine,24,6,5,0.8333333333333334,,,0,,,,,,,,,,
paired_1,position,124,historical_a1.cosine,24,6,6,1.0,,,0,,,,,,,,,,
paired_1,position,125,historical_a1.cosine,24,6,4,0.6666666666666666,,,0,,,,,,,,,,
paired_1,position,126,historical_a1.cosine,24,6,5,0.8333333333333334,,,0,,,,,,,,,,
paired_1,position,127,historical_a1.cosine,24,6,5,0.8333333333333334,,,0,,,,,,,,,,
paired_1,position,128,historical_a1.cosine,24,6,4,0.6666666666666666,,,0,,,,,,,,,,
paired_1,style,coding,historical_a1.cosine,8,494,410,0.8299595141700404,3,0.375,0,,,,,,,,,,
paired_1,style,creative_generation,historical_a1.cosine,8,494,458,0.9271255060728745,0,0.0,0,,,,,,,,,,
paired_1,style,question_answer,historical_a1.cosine,8,494,465,0.9412955465587044,2,0.25,0,,,,,,,,,,
paired_1,overall,overall,historical_a1_a2_anchor.cosine,4,156,156,1.0,4,1.0,0,,,,,,,,,,
paired_1,length,16,historical_a1_a2_anchor.cosine,0,0,0,0.0,0,,0,,,,,,,,,,
paired_1,length,39,historical_a1_a2_anchor.cosine,4,156,156,1.0,4,1.0,0,,,,,,,,,,
paired_1,length,64,historical_a1_a2_anchor.cosine,0,0,0,0.0,0,,0,,,,,,,,,,
paired_1,length,128,historical_a1_a2_anchor.cosine,0,0,0,0.0,0,,0,,,,,,,,,,
paired_1,position_bin,1-16,historical_a1_a2_anchor.cosine,4,64,64,1.0,,,0,,,,,,,,,,
paired_1,position_bin,17-32,historical_a1_a2_anchor.cosine,4,64,64,1.0,,,0,,,,,,,,,,
paired_1,position_bin,33-64,historical_a1_a2_anchor.cosine,4,28,28,1.0,,,0,,,,,,,,,,
paired_1,position_bin,65-96,historical_a1_a2_anchor.cosine,4,0,0,0.0,,,0,,,,,,,,,,
paired_1,position_bin,97-128,historical_a1_a2_anchor.cosine,4,0,0,0.0,,,0,,,,,,,,,,
paired_1,position,1,historical_a1_a2_anchor.cosine,4,4,4,1.0,,,0,,,,,,,,,,
paired_1,position,2,historical_a1_a2_anchor.cosine,4,4,4,1.0,,,0,,,,,,,,,,
paired_1,position,3,historical_a1_a2_anchor.cosine,4,4,4,1.0,,,0,,,,,,,,,,
paired_1,position,4,historical_a1_a2_anchor.cosine,4,4,4,1.0,,,0,,,,,,,,,,
paired_1,position,5,historical_a1_a2_anchor.cosine,4,4,4,1.0,,,0,,,,,,,,,,
paired_1,position,6,historical_a1_a2_anchor.cosine,4,4,4,1.0,,,0,,,,,,,,,,
paired_1,position,7,historical_a1_a2_anchor.cosine,4,4,4,1.0,,,0,,,,,,,,,,
paired_1,position,8,historical_a1_a2_anchor.cosine,4,4,4,1.0,,,0,,,,,,,,,,
paired_1,position,9,historical_a1_a2_anchor.cosine,4,4,4,1.0,,,0,,,,,,,,,,
paired_1,position,10,historical_a1_a2_anchor.cosine,4,4,4,1.0,,,0,,,,,,,,,,
paired_1,position,11,historical_a1_a2_anchor.cosine,4,4,4,1.0,,,0,,,,,,,,,,
paired_1,position,12,historical_a1_a2_anchor.cosine,4,4,4,1.0,,,0,,,,,,,,,,
paired_1,position,13,historical_a1_a2_anchor.cosine,4,4,4,1.0,,,0,,,,,,,,,,
paired_1,position,14,historical_a1_a2_anchor.cosine,4,4,4,1.0,,,0,,,,,,,,,,
paired_1,position,15,historical_a1_a2_anchor.cosine,4,4,4,1.0,,,0,,,,,,,,,,
paired_1,position,16,historical_a1_a2_anchor.cosine,4,4,4,1.0,,,0,,,,,,,,,,
paired_1,position,17,historical_a1_a2_anchor.cosine,4,4,4,1.0,,,0,,,,,,,,,,
paired_1,position,18,historical_a1_a2_anchor.cosine,4,4,4,1.0,,,0,,,,,,,,,,
paired_1,position,19,historical_a1_a2_anchor.cosine,4,4,4,1.0,,,0,,,,,,,,,,
paired_1,position,20,historical_a1_a2_anchor.cosine,4,4,4,1.0,,,0,,,,,,,,,,
paired_1,position,21,historical_a1_a2_anchor.cosine,4,4,4,1.0,,,0,,,,,,,,,,
paired_1,position,22,historical_a1_a2_anchor.cosine,4,4,4,1.0,,,0,,,,,,,,,,
paired_1,position,23,historical_a1_a2_anchor.cosine,4,4,4,1.0,,,0,,,,,,,,,,
paired_1,position,24,historical_a1_a2_anchor.cosine,4,4,4,1.0,,,0,,,,,,,,,,
paired_1,position,25,historical_a1_a2_anchor.cosine,4,4,4,1.0,,,0,,,,,,,,,,
paired_1,position,26,historical_a1_a2_anchor.cosine,4,4,4,1.0,,,0,,,,,,,,,,
paired_1,position,27,historical_a1_a2_anchor.cosine,4,4,4,1.0,,,0,,,,,,,,,,
paired_1,position,28,historical_a1_a2_anchor.cosine,4,4,4,1.0,,,0,,,,,,,,,,
paired_1,position,29,historical_a1_a2_anchor.cosine,4,4,4,1.0,,,0,,,,,,,,,,
paired_1,position,30,historical_a1_a2_anchor.cosine,4,4,4,1.0,,,0,,,,,,,,,,
paired_1,position,31,historical_a1_a2_anchor.cosine,4,4,4,1.0,,,0,,,,,,,,,,
paired_1,position,32,historical_a1_a2_anchor.cosine,4,4,4,1.0,,,0,,,,,,,,,,
paired_1,position,33,historical_a1_a2_anchor.cosine,4,4,4,1.0,,,0,,,,,,,,,,
paired_1,position,34,historical_a1_a2_anchor.cosine,4,4,4,1.0,,,0,,,,,,,,,,
paired_1,position,35,historical_a1_a2_anchor.cosine,4,4,4,1.0,,,0,,,,,,,,,,
paired_1,position,36,historical_a1_a2_anchor.cosine,4,4,4,1.0,,,0,,,,,,,,,,
paired_1,position,37,historical_a1_a2_anchor.cosine,4,4,4,1.0,,,0,,,,,,,,,,
paired_1,position,38,historical_a1_a2_anchor.cosine,4,4,4,1.0,,,0,,,,,,,,,,
paired_1,position,39,historical_a1_a2_anchor.cosine,4,4,4,1.0,,,0,,,,,,,,,,
paired_1,style,coding,historical_a1_a2_anchor.cosine,1,39,39,1.0,1,1.0,0,,,,,,,,,,
paired_1,style,creative_generation,historical_a1_a2_anchor.cosine,2,78,78,1.0,2,1.0,0,,,,,,,,,,
paired_1,style,question_answer,historical_a1_a2_anchor.cosine,1,39,39,1.0,1,1.0,0,,,,,,,,,,
paired_1,paired_overall,overall,projected_vs_a1,24,1482,,,,,,922,1333,-411,0.6221322537112011,0.8994601889338731,90,501,832,59,891
paired_1,paired_length,16,projected_vs_a1,6,96,,,,,,58,93,-35,0.6041666666666666,0.96875,2,37,56,1,57
paired_1,paired_length,39,projected_vs_a1,6,234,,,,,,147,213,-66,0.6282051282051282,0.9102564102564102,13,79,134,8,142
paired_1,paired_length,64,projected_vs_a1,6,384,,,,,,238,371,-133,0.6197916666666666,0.9661458333333334,7,140,231,6,237
paired_1,paired_length,128,projected_vs_a1,6,768,,,,,,479,656,-177,0.6236979166666666,0.8541666666666666,68,245,411,44,455
paired_1,paired_position_bin,1-16,projected_vs_a1,24,384,,,,,,237,367,-130,0.6171875,0.9557291666666666,8,138,229,9,238
paired_1,paired_position_bin,17-32,projected_vs_a1,24,288,,,,,,179,264,-85,0.6215277777777778,0.9166666666666666,14,99,165,10,175
paired_1,paired_position_bin,33-64,projected_vs_a1,24,426,,,,,,265,385,-120,0.6220657276995305,0.903755868544601,24,144,241,17,258
paired_1,paired_position_bin,65-96,projected_vs_a1,24,192,,,,,,115,161,-46,0.5989583333333334,0.8385416666666666,18,64,97,13,110
paired_1,paired_position_bin,97-128,projected_vs_a1,24,192,,,,,,126,156,-30,0.65625,0.8125,26,56,100,10,110
paired_1,paired_position,1,projected_vs_a1,24,24,,,,,,24,24,0,1.0,1.0,0,0,24,0,24
paired_1,paired_position,2,projected_vs_a1,24,24,,,,,,7,24,-17,0.2916666666666667,1.0,0,17,7,0,7
paired_1,paired_position,3,projected_vs_a1,24,24,,,,,,11,24,-13,0.4583333333333333,1.0,0,13,11,0,11
paired_1,paired_position,4,projected_vs_a1,24,24,,,,,,15,24,-9,0.625,1.0,0,9,15,0,15
paired_1,paired_position,5,projected_vs_a1,24,24,,,,,,17,24,-7,0.7083333333333334,1.0,0,7,17,0,17
paired_1,paired_position,6,projected_vs_a1,24,24,,,,,,13,23,-10,0.5416666666666666,0.9583333333333334,1,11,12,0,12
paired_1,paired_position,7,projected_vs_a1,24,24,,,,,,18,22,-4,0.75,0.9166666666666666,0,4,18,2,20
paired_1,paired_position,8,projected_vs_a1,24,24,,,,,,13,23,-10,0.5416666666666666,0.9583333333333334,1,11,12,0,12
paired_1,paired_position,9,projected_vs_a1,24,24,,,,,,16,22,-6,0.6666666666666666,0.9166666666666666,1,7,15,1,16
paired_1,paired_position,10,projected_vs_a1,24,24,,,,,,13,23,-10,0.5416666666666666,0.9583333333333334,1,11,12,0,12
paired_1,paired_position,11,projected_vs_a1,24,24,,,,,,15,21,-6,0.625,0.875,2,8,13,1,14
paired_1,paired_position,12,projected_vs_a1,24,24,,,,,,13,24,-11,0.5416666666666666,1.0,0,11,13,0,13
paired_1,paired_position,13,projected_vs_a1,24,24,,,,,,19,24,-5,0.7916666666666666,1.0,0,5,19,0,19
paired_1,paired_position,14,projected_vs_a1,24,24,,,,,,11,23,-12,0.4583333333333333,0.9583333333333334,0,12,11,1,12
paired_1,paired_position,15,projected_vs_a1,24,24,,,,,,16,20,-4,0.6666666666666666,0.8333333333333334,1,5,15,3,18
paired_1,paired_position,16,projected_vs_a1,24,24,,,,,,16,22,-6,0.6666666666666666,0.9166666666666666,1,7,15,1,16
paired_1,paired_position,17,projected_vs_a1,24,18,,,,,,10,14,-4,0.5555555555555556,0.7777777777777778,4,8,6,0,6
paired_1,paired_position,18,projected_vs_a1,24,18,,,,,,12,16,-4,0.6666666666666666,0.8888888888888888,1,5,11,1,12
paired_1,paired_position,19,projected_vs_a1,24,18,,,,,,10,16,-6,0.5555555555555556,0.8888888888888888,1,7,9,1,10
paired_1,paired_position,20,projected_vs_a1,24,18,,,,,,10,17,-7,0.5555555555555556,0.9444444444444444,1,8,9,0,9
paired_1,paired_position,21,projected_vs_a1,24,18,,,,,,11,18,-7,0.6111111111111112,1.0,0,7,11,0,11
paired_1,paired_position,22,projected_vs_a1,24,18,,,,,,11,15,-4,0.6111111111111112,0.8333333333333334,1,5,10,2,12
paired_1,paired_position,23,projected_vs_a1,24,18,,,,,,12,16,-4,0.6666666666666666,0.8888888888888888,1,5,11,1,12
paired_1,paired_position,24,projected_vs_a1,24,18,,,,,,11,17,-6,0.6111111111111112,0.9444444444444444,0,6,11,1,12
paired_1,paired_position,25,projected_vs_a1,24,18,,,,,,13,18,-5,0.7222222222222222,1.0,0,5,13,0,13
paired_1,paired_position,26,projected_vs_a1,24,18,,,,,,11,17,-6,0.6111111111111112,0.9444444444444444,1,7,10,0,10
paired_1,paired_position,27,projected_vs_a1,24,18,,,,,,11,17,-6,0.6111111111111112,0.9444444444444444,1,7,10,0,10
paired_1,paired_position,28,projected_vs_a1,24,18,,,,,,10,15,-5,0.5555555555555556,0.8333333333333334,2,7,8,1,9
paired_1,paired_position,29,projected_vs_a1,24,18,,,,,,16,17,-1,0.8888888888888888,0.9444444444444444,1,2,15,0,15
paired_1,paired_position,30,projected_vs_a1,24,18,,,,,,8,17,-9,0.4444444444444444,0.9444444444444444,0,9,8,1,9
paired_1,paired_position,31,projected_vs_a1,24,18,,,,,,13,18,-5,0.7222222222222222,1.0,0,5,13,0,13
paired_1,paired_position,32,projected_vs_a1,24,18,,,,,,10,16,-6,0.5555555555555556,0.8888888888888888,0,6,10,2,12
paired_1,paired_position,33,projected_vs_a1,24,18,,,,,,11,16,-5,0.6111111111111112,0.8888888888888888,2,7,9,0,9
paired_1,paired_position,34,projected_vs_a1,24,18,,,,,,13,16,-3,0.7222222222222222,0.8888888888888888,2,5,11,0,11
paired_1,paired_position,35,projected_vs_a1,24,18,,,,,,13,18,-5,0.7222222222222222,1.0,0,5,13,0,13
paired_1,paired_position,36,projected_vs_a1,24,18,,,,,,11,16,-5,0.6111111111111112,0.8888888888888888,2,7,9,0,9
paired_1,paired_position,37,projected_vs_a1,24,18,,,,,,9,17,-8,0.5,0.9444444444444444,0,8,9,1,10
paired_1,paired_position,38,projected_vs_a1,24,18,,,,,,13,14,-1,0.7222222222222222,0.7777777777777778,3,4,10,1,11
paired_1,paired_position,39,projected_vs_a1,24,18,,,,,,7,15,-8,0.3888888888888889,0.8333333333333334,1,9,6,2,8
paired_1,paired_position,40,projected_vs_a1,24,12,,,,,,8,11,-3,0.6666666666666666,0.9166666666666666,1,4,7,0,7
paired_1,paired_position,41,projected_vs_a1,24,12,,,,,,7,12,-5,0.5833333333333334,1.0,0,5,7,0,7
paired_1,paired_position,42,projected_vs_a1,24,12,,,,,,9,11,-2,0.75,0.9166666666666666,1,3,8,0,8
paired_1,paired_position,43,projected_vs_a1,24,12,,,,,,6,11,-5,0.5,0.9166666666666666,0,5,6,1,7
paired_1,paired_position,44,projected_vs_a1,24,12,,,,,,7,11,-4,0.5833333333333334,0.9166666666666666,0,4,7,1,8
paired_1,paired_position,45,projected_vs_a1,24,12,,,,,,6,11,-5,0.5,0.9166666666666666,0,5,6,1,7
paired_1,paired_position,46,projected_vs_a1,24,12,,,,,,7,10,-3,0.5833333333333334,0.8333333333333334,1,4,6,1,7
paired_1,paired_position,47,projected_vs_a1,24,12,,,,,,6,10,-4,0.5,0.8333333333333334,1,5,5,1,6
paired_1,paired_position,48,projected_vs_a1,24,12,,,,,,10,11,-1,0.8333333333333334,0.9166666666666666,1,2,9,0,9
paired_1,paired_position,49,projected_vs_a1,24,12,,,,,,7,11,-4,0.5833333333333334,0.9166666666666666,1,5,6,0,6
paired_1,paired_position,50,projected_vs_a1,24,12,,,,,,7,10,-3,0.5833333333333334,0.8333333333333334,1,4,6,1,7
paired_1,paired_position,51,projected_vs_a1,24,12,,,,,,11,12,-1,0.9166666666666666,1.0,0,1,11,0,11
paired_1,paired_position,52,projected_vs_a1,24,12,,,,,,7,11,-4,0.5833333333333334,0.9166666666666666,1,5,6,0,6
paired_1,paired_position,53,projected_vs_a1,24,12,,,,,,5,10,-5,0.4166666666666667,0.8333333333333334,0,5,5,2,7
paired_1,paired_position,54,projected_vs_a1,24,12,,,,,,8,12,-4,0.6666666666666666,1.0,0,4,8,0,8
paired_1,paired_position,55,projected_vs_a1,24,12,,,,,,8,10,-2,0.6666666666666666,0.8333333333333334,1,3,7,1,8
paired_1,paired_position,56,projected_vs_a1,24,12,,,,,,9,9,0,0.75,0.75,1,1,8,2,10
paired_1,paired_position,57,projected_vs_a1,24,12,,,,,,8,11,-3,0.6666666666666666,0.9166666666666666,0,3,8,1,9
paired_1,paired_position,58,projected_vs_a1,24,12,,,,,,10,11,-1,0.8333333333333334,0.9166666666666666,1,2,9,0,9
paired_1,paired_position,59,projected_vs_a1,24,12,,,,,,3,12,-9,0.25,1.0,0,9,3,0,3
paired_1,paired_position,60,projected_vs_a1,24,12,,,,,,7,11,-4,0.5833333333333334,0.9166666666666666,1,5,6,0,6
paired_1,paired_position,61,projected_vs_a1,24,12,,,,,,8,10,-2,0.6666666666666666,0.8333333333333334,2,4,6,0,6
paired_1,paired_position,62,projected_vs_a1,24,12,,,,,,7,12,-5,0.5833333333333334,1.0,0,5,7,0,7
paired_1,paired_position,63,projected_vs_a1,24,12,,,,,,9,12,-3,0.75,1.0,0,3,9,0,9
paired_1,paired_position,64,projected_vs_a1,24,12,,,,,,8,11,-3,0.6666666666666666,0.9166666666666666,0,3,8,1,9
paired_1,paired_position,65,projected_vs_a1,24,6,,,,,,4,5,-1,0.6666666666666666,0.8333333333333334,1,2,3,0,3
paired_1,paired_position,66,projected_vs_a1,24,6,,,,,,2,6,-4,0.3333333333333333,1.0,0,4,2,0,2
paired_1,paired_position,67,projected_vs_a1,24,6,,,,,,3,6,-3,0.5,1.0,0,3,3,0,3
paired_1,paired_position,68,projected_vs_a1,24,6,,,,,,3,4,-1,0.5,0.6666666666666666,1,2,2,1,3
paired_1,paired_position,69,projected_vs_a1,24,6,,,,,,6,5,1,1.0,0.8333333333333334,1,0,5,0,5
paired_1,paired_position,70,projected_vs_a1,24,6,,,,,,4,5,-1,0.6666666666666666,0.8333333333333334,1,2,3,0,3
paired_1,paired_position,71,projected_vs_a1,24,6,,,,,,4,5,-1,0.6666666666666666,0.8333333333333334,1,2,3,0,3
paired_1,paired_position,72,projected_vs_a1,24,6,,,,,,4,5,-1,0.6666666666666666,0.8333333333333334,0,1,4,1,5
paired_1,paired_position,73,projected_vs_a1,24,6,,,,,,3,5,-2,0.5,0.8333333333333334,1,3,2,0,2
paired_1,paired_position,74,projected_vs_a1,24,6,,,,,,5,5,0,0.8333333333333334,0.8333333333333334,1,1,4,0,4
paired_1,paired_position,75,projected_vs_a1,24,6,,,,,,3,5,-2,0.5,0.8333333333333334,1,3,2,0,2
paired_1,paired_position,76,projected_vs_a1,24,6,,,,,,5,5,0,0.8333333333333334,0.8333333333333334,1,1,4,0,4
paired_1,paired_position,77,projected_vs_a1,24,6,,,,,,3,6,-3,0.5,1.0,0,3,3,0,3
paired_1,paired_position,78,projected_vs_a1,24,6,,,,,,3,4,-1,0.5,0.6666666666666666,0,1,3,2,5
paired_1,paired_position,79,projected_vs_a1,24,6,,,,,,3,4,-1,0.5,0.6666666666666666,2,3,1,0,1
paired_1,paired_position,80,projected_vs_a1,24,6,,,,,,6,5,1,1.0,0.8333333333333334,1,0,5,0,5
paired_1,paired_position,81,projected_vs_a1,24,6,,,,,,4,6,-2,0.6666666666666666,1.0,0,2,4,0,4
paired_1,paired_position,82,projected_vs_a1,24,6,,,,,,3,6,-3,0.5,1.0,0,3,3,0,3
paired_1,paired_position,83,projected_vs_a1,24,6,,,,,,5,4,1,0.8333333333333334,0.6666666666666666,1,0,4,1,5
paired_1,paired_position,84,projected_vs_a1,24,6,,,,,,4,6,-2,0.6666666666666666,1.0,0,2,4,0,4
paired_1,paired_position,85,projected_vs_a1,24,6,,,,,,3,5,-2,0.5,0.8333333333333334,1,3,2,0,2
paired_1,paired_position,86,projected_vs_a1,24,6,,,,,,3,5,-2,0.5,0.8333333333333334,0,2,3,1,4
paired_1,paired_position,87,projected_vs_a1,24,6,,,,,,4,5,-1,0.6666666666666666,0.8333333333333334,1,2,3,0,3
paired_1,paired_position,88,projected_vs_a1,24,6,,,,,,2,5,-3,0.3333333333333333,0.8333333333333334,0,3,2,1,3
paired_1,paired_position,89,projected_vs_a1,24,6,,,,,,4,6,-2,0.6666666666666666,1.0,0,2,4,0,4
paired_1,paired_position,90,projected_vs_a1,24,6,,,,,,4,5,-1,0.6666666666666666,0.8333333333333334,1,2,3,0,3
paired_1,paired_position,91,projected_vs_a1,24,6,,,,,,2,5,-3,0.3333333333333333,0.8333333333333334,0,3,2,1,3
paired_1,paired_position,92,projected_vs_a1,24,6,,,,,,4,4,0,0.6666666666666666,0.6666666666666666,1,1,3,1,4
paired_1,paired_position,93,projected_vs_a1,24,6,,,,,,3,3,0,0.5,0.5,1,1,2,2,4
paired_1,paired_position,94,projected_vs_a1,24,6,,,,,,2,4,-2,0.3333333333333333,0.6666666666666666,0,2,2,2,4
paired_1,paired_position,95,projected_vs_a1,24,6,,,,,,4,6,-2,0.6666666666666666,1.0,0,2,4,0,4
paired_1,paired_position,96,projected_vs_a1,24,6,,,,,,3,6,-3,0.5,1.0,0,3,3,0,3
paired_1,paired_position,97,projected_vs_a1,24,6,,,,,,2,6,-4,0.3333333333333333,1.0,0,4,2,0,2
paired_1,paired_position,98,projected_vs_a1,24,6,,,,,,4,4,0,0.6666666666666666,0.6666666666666666,1,1,3,1,4
paired_1,paired_position,99,projected_vs_a1,24,6,,,,,,5,4,1,0.8333333333333334,0.6666666666666666,2,1,3,0,3
paired_1,paired_position,100,projected_vs_a1,24,6,,,,,,5,4,1,0.8333333333333334,0.6666666666666666,2,1,3,0,3
paired_1,paired_position,101,projected_vs_a1,24,6,,,,,,2,5,-3,0.3333333333333333,0.8333333333333334,0,3,2,1,3
paired_1,paired_position,102,projected_vs_a1,24,6,,,,,,5,5,0,0.8333333333333334,0.8333333333333334,1,1,4,0,4
paired_1,paired_position,103,projected_vs_a1,24,6,,,,,,4,5,-1,0.6666666666666666,0.8333333333333334,1,2,3,0,3
paired_1,paired_position,104,projected_vs_a1,24,6,,,,,,1,4,-3,0.16666666666666666,0.6666666666666666,0,3,1,2,3
paired_1,paired_position,105,projected_vs_a1,24,6,,,,,,5,4,1,0.8333333333333334,0.6666666666666666,1,0,4,1,5
paired_1,paired_position,106,projected_vs_a1,24,6,,,,,,4,6,-2,0.6666666666666666,1.0,0,2,4,0,4
paired_1,paired_position,107,projected_vs_a1,24,6,,,,,,4,6,-2,0.6666666666666666,1.0,0,2,4,0,4
paired_1,paired_position,108,projected_vs_a1,24,6,,,,,,4,6,-2,0.6666666666666666,1.0,0,2,4,0,4
paired_1,paired_position,109,projected_vs_a1,24,6,,,,,,4,5,-1,0.6666666666666666,0.8333333333333334,1,2,3,0,3
paired_1,paired_position,110,projected_vs_a1,24,6,,,,,,4,5,-1,0.6666666666666666,0.8333333333333334,1,2,3,0,3
paired_1,paired_position,111,projected_vs_a1,24,6,,,,,,3,5,-2,0.5,0.8333333333333334,1,3,2,0,2
paired_1,paired_position,112,projected_vs_a1,24,6,,,,,,3,4,-1,0.5,0.6666666666666666,2,3,1,0,1
paired_1,paired_position,113,projected_vs_a1,24,6,,,,,,4,5,-1,0.6666666666666666,0.8333333333333334,1,2,3,0,3
paired_1,paired_position,114,projected_vs_a1,24,6,,,,,,3,6,-3,0.5,1.0,0,3,3,0,3
paired_1,paired_position,115,projected_vs_a1,24,6,,,,,,5,5,0,0.8333333333333334,0.8333333333333334,1,1,4,0,4
paired_1,paired_position,116,projected_vs_a1,24,6,,,,,,4,4,0,0.6666666666666666,0.6666666666666666,1,1,3,1,4
paired_1,paired_position,117,projected_vs_a1,24,6,,,,,,4,5,-1,0.6666666666666666,0.8333333333333334,1,2,3,0,3
paired_1,paired_position,118,projected_vs_a1,24,6,,,,,,5,4,1,0.8333333333333334,0.6666666666666666,1,0,4,1,5
paired_1,paired_position,119,projected_vs_a1,24,6,,,,,,5,5,0,0.8333333333333334,0.8333333333333334,1,1,4,0,4
paired_1,paired_position,120,projected_vs_a1,24,6,,,,,,3,5,-2,0.5,0.8333333333333334,1,3,2,0,2
paired_1,paired_position,121,projected_vs_a1,24,6,,,,,,4,5,-1,0.6666666666666666,0.8333333333333334,1,2,3,0,3
paired_1,paired_position,122,projected_vs_a1,24,6,,,,,,5,5,0,0.8333333333333334,0.8333333333333334,1,1,4,0,4
paired_1,paired_position,123,projected_vs_a1,24,6,,,,,,4,5,-1,0.6666666666666666,0.8333333333333334,0,1,4,1,5
paired_1,paired_position,124,projected_vs_a1,24,6,,,,,,5,6,-1,0.8333333333333334,1.0,0,1,5,0,5
paired_1,paired_position,125,projected_vs_a1,24,6,,,,,,3,4,-1,0.5,0.6666666666666666,1,2,2,1,3
paired_1,paired_position,126,projected_vs_a1,24,6,,,,,,5,5,0,0.8333333333333334,0.8333333333333334,1,1,4,0,4
paired_1,paired_position,127,projected_vs_a1,24,6,,,,,,5,5,0,0.8333333333333334,0.8333333333333334,1,1,4,0,4
paired_1,paired_position,128,projected_vs_a1,24,6,,,,,,3,4,-1,0.5,0.6666666666666666,1,2,2,1,3
